PID,url,Start Date,time_utc
5ad41051a010190001b3755d,https://www.tiktokv.com/share/video/7526911761430220087/,07/14/2025 09:56PM,2025-07-15 01:53:22+00:00
5ad41051a010190001b3755d,https://www.tiktokv.com/share/video/7526664443594296606/,07/14/2025 09:56PM,2025-07-15 01:53:21+00:00
5ad41051a010190001b3755d,https://www.tiktokv.com/share/video/7525839599579565342/,07/14/2025 09:56PM,2025-07-15 01:53:13+00:00
5ad41051a010190001b3755d,https://www.tiktokv.com/share/video/7502576268014112031/,07/14/2025 09:56PM,2025-07-15 01:53:13+00:00
5ad41051a010190001b3755d,https://www.tiktokv.com/share/video/7527098280304463118/,07/14/2025 09:56PM,2025-07-15 01:52:46+00:00
6595a3e05bc95bcb48bfabad,https://www.tiktokv.com/share/video/7525976061729934623/,07/13/2025 02:00PM,2025-07-13 18:04:36+00:00
6595a3e05bc95bcb48bfabad,https://www.tiktokv.com/share/video/7520598527660150047/,07/13/2025 02:00PM,2025-07-13 18:04:29+00:00
6595a3e05bc95bcb48bfabad,https://www.tiktokv.com/share/video/7526016672650562846/,07/13/2025 02:00PM,2025-07-13 18:04:15+00:00
6595a3e05bc95bcb48bfabad,https://www.tiktokv.com/share/video/7504387475553488134/,07/13/2025 02:00PM,2025-07-13 18:04:12+00:00
6595a3e05bc95bcb48bfabad,https://www.tiktokv.com/share/video/7522965745609870622/,07/13/2025 02:00PM,2025-07-13 18:04:11+00:00
641370f5a8d3826956778170,https://www.tiktokv.com/share/video/7505845930608954646/,07/16/2025 06:00PM,2025-07-16 22:58:30+00:00
641370f5a8d3826956778170,https://www.tiktokv.com/share/video/7491049168593636650/,07/16/2025 06:00PM,2025-07-16 22:58:29+00:00
641370f5a8d3826956778170,https://www.tiktokv.com/share/video/7514474149759192351/,07/16/2025 06:00PM,2025-07-16 22:58:23+00:00
641370f5a8d3826956778170,https://www.tiktokv.com/share/video/7522925388373232927/,07/16/2025 06:00PM,2025-07-16 22:58:21+00:00
641370f5a8d3826956778170,https://www.tiktokv.com/share/video/7516689140679757086/,07/16/2025 06:00PM,2025-07-16 22:58:20+00:00
66b8c57c379b1653b3b0042b,https://www.tiktokv.com/share/video/7507664201092009262/,07/19/2025 07:00PM,2025-07-19 22:31:16+00:00
66b8c57c379b1653b3b0042b,https://www.tiktokv.com/share/video/7528107274578005270/,07/19/2025 07:00PM,2025-07-19 22:30:55+00:00
66b8c57c379b1653b3b0042b,https://www.tiktokv.com/share/video/7528767557625482551/,07/19/2025 07:00PM,2025-07-19 22:30:53+00:00
66b8c57c379b1653b3b0042b,https://www.tiktokv.com/share/video/7528143443164515585/,07/19/2025 07:00PM,2025-07-19 22:30:50+00:00
66b8c57c379b1653b3b0042b,https://www.tiktokv.com/share/video/7518222878047866126/,07/19/2025 07:00PM,2025-07-19 22:30:49+00:00
614ebfa6eff131515482a146,https://www.tiktokv.com/share/video/7527121584943861023/,07/20/2025 07:04PM,2025-07-20 23:03:22+00:00
614ebfa6eff131515482a146,https://www.tiktokv.com/share/video/7494699453149023534/,07/20/2025 07:04PM,2025-07-20 23:01:28+00:00
614ebfa6eff131515482a146,https://www.tiktokv.com/share/video/7520678921344437526/,07/20/2025 07:04PM,2025-07-20 23:01:27+00:00
614ebfa6eff131515482a146,https://www.tiktokv.com/share/video/7527008510824041783/,07/20/2025 07:04PM,2025-07-20 22:55:44+00:00
614ebfa6eff131515482a146,https://www.tiktokv.com/share/video/7234174333588065582/,07/20/2025 07:04PM,2025-07-20 22:55:37+00:00
66ec97cc686d6f6628ce4824,https://www.tiktokv.com/share/video/7529626569229339959/,07/22/2025 05:00PM,2025-07-22 21:39:04+00:00
66ec97cc686d6f6628ce4824,https://www.tiktokv.com/share/video/7525163851592076575/,07/22/2025 05:00PM,2025-07-22 21:38:45+00:00
66ec97cc686d6f6628ce4824,https://www.tiktokv.com/share/video/7520083085006802189/,07/22/2025 05:00PM,2025-07-22 21:38:38+00:00
66ec97cc686d6f6628ce4824,https://www.tiktokv.com/share/video/7526635706593135903/,07/22/2025 05:00PM,2025-07-22 21:38:31+00:00
66ec97cc686d6f6628ce4824,https://www.tiktokv.com/share/video/7517155711483137310/,07/22/2025 05:00PM,2025-07-22 21:37:50+00:00
6687f3a4aca3e2d5a6ca8d8b,https://www.tiktokv.com/share/video/7527388371660918046/,07/16/2025 12:19PM,2025-07-16 16:26:43+00:00
6687f3a4aca3e2d5a6ca8d8b,https://www.tiktokv.com/share/video/7527385113810832695/,07/16/2025 12:19PM,2025-07-16 16:26:42+00:00
6687f3a4aca3e2d5a6ca8d8b,https://www.tiktokv.com/share/video/7527464887967042830/,07/16/2025 12:19PM,2025-07-16 16:26:40+00:00
6687f3a4aca3e2d5a6ca8d8b,https://www.tiktokv.com/share/video/7527712811858824479/,07/16/2025 12:19PM,2025-07-16 16:25:41+00:00
6687f3a4aca3e2d5a6ca8d8b,https://www.tiktokv.com/share/video/7515946282788097323/,07/16/2025 12:19PM,2025-07-16 16:25:36+00:00
5be87e33a14b540001aa2ea5,https://www.tiktokv.com/share/video/7518969195703422222/,07/16/2025 02:41PM,2025-07-16 18:37:09+00:00
5be87e33a14b540001aa2ea5,https://www.tiktokv.com/share/video/7522492141231262983/,07/16/2025 02:41PM,2025-07-16 18:37:08+00:00
5be87e33a14b540001aa2ea5,https://www.tiktokv.com/share/video/7517377426335272247/,07/16/2025 02:41PM,2025-07-16 18:37:06+00:00
5be87e33a14b540001aa2ea5,https://www.tiktokv.com/share/video/7527526648602692894/,07/16/2025 02:41PM,2025-07-16 18:36:57+00:00
5be87e33a14b540001aa2ea5,https://www.tiktokv.com/share/video/7524526575782579469/,07/16/2025 02:41PM,2025-07-16 18:36:55+00:00
55ec49b67480920010aaa4e8,https://www.tiktokv.com/share/video/7515459424253676822/,07/16/2025 02:19PM,2025-07-16 18:00:49+00:00
55ec49b67480920010aaa4e8,https://www.tiktokv.com/share/video/7513002237434645790/,07/16/2025 02:19PM,2025-07-16 18:00:47+00:00
55ec49b67480920010aaa4e8,https://www.tiktokv.com/share/video/7527106204368162079/,07/16/2025 02:19PM,2025-07-16 18:00:37+00:00
55ec49b67480920010aaa4e8,https://www.tiktokv.com/share/video/7263723008513068289/,07/16/2025 02:19PM,2025-07-16 17:59:57+00:00
55ec49b67480920010aaa4e8,https://www.tiktokv.com/share/video/7500316344647273750/,07/16/2025 02:19PM,2025-07-16 17:59:57+00:00
6577fb64d29f73c7b3a13539,https://www.tiktokv.com/share/video/7525520194014432543/,07/13/2025 09:06PM,2025-07-14 02:05:56+00:00
6577fb64d29f73c7b3a13539,https://www.tiktokv.com/share/video/7526751194467798302/,07/13/2025 09:06PM,2025-07-14 02:05:56+00:00
6577fb64d29f73c7b3a13539,https://www.tiktokv.com/share/video/7525713055137811743/,07/13/2025 09:06PM,2025-07-14 02:05:53+00:00
6577fb64d29f73c7b3a13539,https://www.tiktokv.com/share/video/7522973726116187422/,07/13/2025 09:06PM,2025-07-14 02:05:45+00:00
6577fb64d29f73c7b3a13539,https://www.tiktokv.com/share/video/7522975905552092447/,07/13/2025 09:06PM,2025-07-14 02:05:44+00:00
6672d8756129fc9217ceb0d1,https://www.tiktokv.com/share/video/7528097563967360286/,07/17/2025 05:37PM,2025-07-17 20:58:47+00:00
6672d8756129fc9217ceb0d1,https://www.tiktokv.com/share/video/7528081758550592774/,07/17/2025 05:37PM,2025-07-17 20:58:26+00:00
6672d8756129fc9217ceb0d1,https://www.tiktokv.com/share/video/7517810716858961165/,07/17/2025 05:37PM,2025-07-17 20:49:34+00:00
6672d8756129fc9217ceb0d1,https://www.tiktokv.com/share/video/7527969036001447224/,07/17/2025 05:37PM,2025-07-17 20:48:41+00:00
6672d8756129fc9217ceb0d1,https://www.tiktokv.com/share/video/7528074707069979934/,07/17/2025 05:37PM,2025-07-17 20:47:21+00:00
66d67aa08e6caa907b2bf04b,https://www.tiktokv.com/share/video/7503319765793000735/,07/16/2025 05:00PM,2025-07-16 21:51:23+00:00
66d67aa08e6caa907b2bf04b,https://www.tiktokv.com/share/video/7496579012236496174/,07/16/2025 05:00PM,2025-07-16 21:49:32+00:00
66d67aa08e6caa907b2bf04b,https://www.tiktokv.com/share/video/7526738831580728631/,07/16/2025 05:00PM,2025-07-16 21:38:50+00:00
66d67aa08e6caa907b2bf04b,https://www.tiktokv.com/share/video/7526913762755120392/,07/16/2025 05:00PM,2025-07-16 21:38:48+00:00
66d67aa08e6caa907b2bf04b,https://www.tiktokv.com/share/video/7527738985024687390/,07/16/2025 05:00PM,2025-07-16 21:38:47+00:00
66f46179fa81f408915abaaa,https://www.tiktokv.com/share/video/7518497082869632286/,07/21/2025 05:11PM,2025-07-21 22:02:57+00:00
66f46179fa81f408915abaaa,https://www.tiktokv.com/share/video/7529654536252771597/,07/21/2025 05:11PM,2025-07-21 22:02:54+00:00
66f46179fa81f408915abaaa,https://www.tiktokv.com/share/video/7523792208974089503/,07/21/2025 05:11PM,2025-07-21 22:02:45+00:00
66f46179fa81f408915abaaa,https://www.tiktokv.com/share/video/7526695011627453727/,07/21/2025 05:11PM,2025-07-21 22:02:33+00:00
66f46179fa81f408915abaaa,https://www.tiktokv.com/share/video/7527653364927089933/,07/21/2025 05:11PM,2025-07-21 22:01:50+00:00
610920f0107bd72ff209c20f,https://www.tiktokv.com/share/video/7521063253871430926/,07/16/2025 05:46PM,2025-07-16 22:44:17+00:00
610920f0107bd72ff209c20f,https://www.tiktokv.com/share/video/7518793637879139589/,07/16/2025 05:46PM,2025-07-16 22:44:11+00:00
610920f0107bd72ff209c20f,https://www.tiktokv.com/share/video/7524816598704655632/,07/16/2025 05:46PM,2025-07-16 22:44:11+00:00
610920f0107bd72ff209c20f,https://www.tiktokv.com/share/video/7527810264545135927/,07/16/2025 05:46PM,2025-07-16 22:44:06+00:00
610920f0107bd72ff209c20f,https://www.tiktokv.com/share/video/7524860042143681822/,07/16/2025 05:46PM,2025-07-16 22:44:02+00:00
662da25fc17944dbf5c4e771,https://www.tiktokv.com/share/video/7336249128558628138/,07/17/2025 05:00PM,2025-07-17 22:52:12+00:00
662da25fc17944dbf5c4e771,https://www.tiktokv.com/share/video/7411103915296476448/,07/17/2025 05:00PM,2025-07-17 22:52:11+00:00
662da25fc17944dbf5c4e771,https://www.tiktokv.com/share/video/7526719234823556370/,07/17/2025 05:00PM,2025-07-17 22:51:52+00:00
662da25fc17944dbf5c4e771,https://www.tiktokv.com/share/video/7514059936423529774/,07/17/2025 05:00PM,2025-07-17 22:51:51+00:00
662da25fc17944dbf5c4e771,https://www.tiktokv.com/share/video/7527898552886906142/,07/17/2025 05:00PM,2025-07-17 22:51:37+00:00
671a99bd931959eb227a7720,https://www.tiktokv.com/share/video/7409389336182951200/,07/17/2025 10:01AM,2025-07-17 13:44:59+00:00
671a99bd931959eb227a7720,https://www.tiktokv.com/share/video/7429806536861502763/,07/17/2025 10:01AM,2025-07-17 13:44:59+00:00
671a99bd931959eb227a7720,https://www.tiktokv.com/share/video/7527660507373899021/,07/17/2025 10:01AM,2025-07-17 13:44:48+00:00
671a99bd931959eb227a7720,https://www.tiktokv.com/share/video/7527316182634908983/,07/17/2025 10:01AM,2025-07-17 13:44:40+00:00
671a99bd931959eb227a7720,https://www.tiktokv.com/share/video/7526957950385048887/,07/17/2025 10:01AM,2025-07-17 13:43:50+00:00
671d7a754bafa85dac6e0683,https://www.tiktokv.com/share/video/7530641539022867742/,07/25/2025 09:20PM,2025-07-26 01:18:34+00:00
671d7a754bafa85dac6e0683,https://www.tiktokv.com/share/video/7530314194806131998/,07/25/2025 09:20PM,2025-07-26 00:23:56+00:00
671d7a754bafa85dac6e0683,https://www.tiktokv.com/share/video/7403801901772606766/,07/25/2025 09:20PM,2025-07-26 00:23:49+00:00
671d7a754bafa85dac6e0683,https://www.tiktokv.com/share/video/7530842044756020511/,07/25/2025 09:20PM,2025-07-26 00:23:31+00:00
671d7a754bafa85dac6e0683,https://www.tiktokv.com/share/video/7515224847182499114/,07/25/2025 09:20PM,2025-07-26 00:23:25+00:00
613509614cefef50fcfbb9d1,https://www.tiktokv.com/share/video/7527845700344761655/,07/17/2025 05:47PM,2025-07-17 21:45:11+00:00
613509614cefef50fcfbb9d1,https://www.tiktokv.com/share/video/7528161620762070303/,07/17/2025 05:47PM,2025-07-17 21:44:56+00:00
613509614cefef50fcfbb9d1,https://www.tiktokv.com/share/video/7528159084147723551/,07/17/2025 05:47PM,2025-07-17 21:44:22+00:00
613509614cefef50fcfbb9d1,https://www.tiktokv.com/share/video/7527847678797942038/,07/17/2025 05:47PM,2025-07-17 21:44:19+00:00
613509614cefef50fcfbb9d1,https://www.tiktokv.com/share/video/7523027615565892877/,07/17/2025 05:47PM,2025-07-17 21:44:17+00:00
66fb29ef3afdca989e3cc97d,https://www.tiktokv.com/share/video/7528285076996623633/,07/21/2025 01:00PM,2025-07-21 19:34:12+00:00
66fb29ef3afdca989e3cc97d,https://www.tiktokv.com/share/video/7529619378963254559/,07/21/2025 01:00PM,2025-07-21 19:34:10+00:00
66fb29ef3afdca989e3cc97d,https://www.tiktokv.com/share/video/7529565764840377655/,07/21/2025 01:00PM,2025-07-21 19:33:07+00:00
66fb29ef3afdca989e3cc97d,https://www.tiktokv.com/share/video/7502079945607531794/,07/21/2025 01:00PM,2025-07-21 19:33:06+00:00
66fb29ef3afdca989e3cc97d,https://www.tiktokv.com/share/video/7529572580194372894/,07/21/2025 01:00PM,2025-07-21 19:32:55+00:00
677aaf4689e9ee96a513e479,https://www.tiktokv.com/share/video/7524887496673594654/,07/16/2025 10:16PM,2025-07-17 00:39:21+00:00
677aaf4689e9ee96a513e479,https://www.tiktokv.com/share/video/7527784659367873822/,07/16/2025 10:16PM,2025-07-17 00:38:03+00:00
677aaf4689e9ee96a513e479,https://www.tiktokv.com/share/video/7516032048797109535/,07/16/2025 10:16PM,2025-07-17 00:38:02+00:00
677aaf4689e9ee96a513e479,https://www.tiktokv.com/share/video/7527136048678292766/,07/16/2025 10:16PM,2025-07-17 00:37:48+00:00
677aaf4689e9ee96a513e479,https://www.tiktokv.com/share/video/7524582846099508494/,07/16/2025 10:16PM,2025-07-17 00:37:46+00:00
677ae33b931f49f5fe68e32e,https://www.tiktokv.com/share/video/7389826795291430187/,07/17/2025 12:00PM,2025-07-17 16:46:52+00:00
677ae33b931f49f5fe68e32e,https://www.tiktokv.com/share/video/7397191242964028703/,07/17/2025 12:00PM,2025-07-17 16:45:19+00:00
677ae33b931f49f5fe68e32e,https://www.tiktokv.com/share/video/7471768118592064814/,07/17/2025 12:00PM,2025-07-17 16:44:42+00:00
677ae33b931f49f5fe68e32e,https://www.tiktokv.com/share/video/7249408928898043182/,07/17/2025 12:00PM,2025-07-17 16:44:39+00:00
677ae33b931f49f5fe68e32e,https://www.tiktokv.com/share/video/7466883499958586654/,07/17/2025 12:00PM,2025-07-17 16:41:44+00:00
661415341b1fdb1844c6f6a6,https://www.tiktokv.com/share/video/7486319097253317919/,07/24/2025 02:11PM,2025-07-24 19:35:58+00:00
661415341b1fdb1844c6f6a6,https://www.tiktokv.com/share/video/7486276359954730270/,07/24/2025 02:11PM,2025-07-24 19:35:57+00:00
661415341b1fdb1844c6f6a6,https://www.tiktokv.com/share/video/7486428413876653343/,07/24/2025 02:11PM,2025-07-24 19:34:51+00:00
661415341b1fdb1844c6f6a6,https://www.tiktokv.com/share/video/7480953553096396078/,07/24/2025 02:11PM,2025-07-24 19:34:07+00:00
661415341b1fdb1844c6f6a6,https://www.tiktokv.com/share/video/7486038290425040159/,07/24/2025 02:11PM,2025-07-24 19:32:55+00:00
6100d12602dbc013bf326e62,https://www.tiktokv.com/share/video/7527836103966067982/,07/21/2025 01:01PM,2025-07-21 16:12:48+00:00
6100d12602dbc013bf326e62,https://www.tiktokv.com/share/video/7528471151564049695/,07/21/2025 01:01PM,2025-07-21 16:12:38+00:00
6100d12602dbc013bf326e62,https://www.tiktokv.com/share/video/7528184916949945608/,07/21/2025 01:01PM,2025-07-21 16:12:37+00:00
6100d12602dbc013bf326e62,https://www.tiktokv.com/share/video/7529156332620991757/,07/21/2025 01:01PM,2025-07-21 16:12:29+00:00
6100d12602dbc013bf326e62,https://www.tiktokv.com/share/video/7528438081557482765/,07/21/2025 01:01PM,2025-07-21 16:10:35+00:00
6740a2f2bae870caa18ae1ef,https://www.tiktokv.com/share/video/7524955924931284254/,07/17/2025 02:14PM,2025-07-17 18:06:01+00:00
6740a2f2bae870caa18ae1ef,https://www.tiktokv.com/share/video/7527673425570188575/,07/17/2025 02:14PM,2025-07-17 18:05:54+00:00
6740a2f2bae870caa18ae1ef,https://www.tiktokv.com/share/video/7521754745963384119/,07/17/2025 02:14PM,2025-07-17 18:04:52+00:00
6740a2f2bae870caa18ae1ef,https://www.tiktokv.com/share/video/7522150245027810576/,07/17/2025 02:14PM,2025-07-17 18:04:51+00:00
6740a2f2bae870caa18ae1ef,https://www.tiktokv.com/share/video/7527749718382841101/,07/17/2025 02:14PM,2025-07-17 18:03:28+00:00
628e196e63bc7ab9e6c6caea,https://www.tiktokv.com/share/video/7527404287471652151/,07/21/2025 07:16PM,2025-07-21 22:42:11+00:00
628e196e63bc7ab9e6c6caea,https://www.tiktokv.com/share/video/7529335006783687949/,07/21/2025 07:16PM,2025-07-21 22:42:05+00:00
628e196e63bc7ab9e6c6caea,https://www.tiktokv.com/share/video/7529604784047803703/,07/21/2025 07:16PM,2025-07-21 22:42:03+00:00
628e196e63bc7ab9e6c6caea,https://www.tiktokv.com/share/video/7520396777938324749/,07/21/2025 07:16PM,2025-07-21 22:41:58+00:00
628e196e63bc7ab9e6c6caea,https://www.tiktokv.com/share/video/7529635083096034591/,07/21/2025 07:16PM,2025-07-21 22:40:47+00:00
6391e7dac077ff16de26d753,https://www.tiktokv.com/share/video/7484612408149953838/,07/18/2025 10:02AM,2025-07-18 13:10:38+00:00
6391e7dac077ff16de26d753,https://www.tiktokv.com/share/video/7487083079425674538/,07/18/2025 10:02AM,2025-07-18 13:09:34+00:00
6391e7dac077ff16de26d753,https://www.tiktokv.com/share/video/7528272118748826896/,07/18/2025 10:02AM,2025-07-18 13:09:32+00:00
6391e7dac077ff16de26d753,https://www.tiktokv.com/share/video/7489895069340831022/,07/18/2025 10:02AM,2025-07-18 13:08:49+00:00
6391e7dac077ff16de26d753,https://www.tiktokv.com/share/video/7490381243863944490/,07/18/2025 10:02AM,2025-07-18 13:08:40+00:00
672c0277dadb2f25a09d691e,https://www.tiktokv.com/share/video/7526995453053914390/,07/17/2025 09:10PM,2025-07-18 04:08:50+00:00
672c0277dadb2f25a09d691e,https://www.tiktokv.com/share/video/7520745218950368529/,07/17/2025 09:10PM,2025-07-18 04:08:49+00:00
672c0277dadb2f25a09d691e,https://www.tiktokv.com/share/video/7525134137154424094/,07/17/2025 09:10PM,2025-07-18 04:08:47+00:00
672c0277dadb2f25a09d691e,https://www.tiktokv.com/share/video/7526981095301123359/,07/17/2025 09:10PM,2025-07-18 04:08:46+00:00
672c0277dadb2f25a09d691e,https://www.tiktokv.com/share/video/7527575354509233422/,07/17/2025 09:10PM,2025-07-18 04:08:42+00:00
67acff5fc3860389b0c4dc25,https://www.tiktokv.com/share/video/7526206366248176926/,07/18/2025 09:01PM,2025-07-19 01:36:09+00:00
67acff5fc3860389b0c4dc25,https://www.tiktokv.com/share/video/7528400928437734669/,07/18/2025 09:01PM,2025-07-19 01:35:59+00:00
67acff5fc3860389b0c4dc25,https://www.tiktokv.com/share/video/7528475743366499614/,07/18/2025 09:01PM,2025-07-19 01:34:25+00:00
67acff5fc3860389b0c4dc25,https://www.tiktokv.com/share/video/7528248235320675615/,07/18/2025 09:01PM,2025-07-19 01:34:22+00:00
67acff5fc3860389b0c4dc25,https://www.tiktokv.com/share/video/7528273137973087543/,07/18/2025 09:01PM,2025-07-19 01:31:27+00:00
6676fab6295042ff191ead64,https://www.tiktokv.com/share/video/7527177282687929631/,07/16/2025 01:03PM,2025-07-16 15:51:29+00:00
6676fab6295042ff191ead64,https://www.tiktokv.com/share/video/7523270868991085832/,07/16/2025 01:03PM,2025-07-16 15:46:11+00:00
6676fab6295042ff191ead64,https://www.tiktokv.com/share/video/7526610577582574904/,07/16/2025 01:03PM,2025-07-16 15:46:05+00:00
6676fab6295042ff191ead64,https://www.tiktokv.com/share/video/7527362351939521806/,07/16/2025 01:03PM,2025-07-16 15:46:04+00:00
6676fab6295042ff191ead64,https://www.tiktokv.com/share/video/7526901509896801556/,07/16/2025 01:03PM,2025-07-16 15:46:02+00:00
66ce5adac1cd4b6037be4a63,https://www.tiktokv.com/share/video/7530704309189692727/,07/24/2025 01:51PM,2025-07-24 18:29:30+00:00
66ce5adac1cd4b6037be4a63,https://www.tiktokv.com/share/video/7456944495255489809/,07/24/2025 01:51PM,2025-07-24 18:29:28+00:00
66ce5adac1cd4b6037be4a63,https://www.tiktokv.com/share/video/7529831677321809174/,07/24/2025 01:51PM,2025-07-24 18:28:23+00:00
66ce5adac1cd4b6037be4a63,https://www.tiktokv.com/share/video/7530311670124612877/,07/24/2025 01:51PM,2025-07-24 18:28:22+00:00
66ce5adac1cd4b6037be4a63,https://www.tiktokv.com/share/video/7512861272958913822/,07/24/2025 01:51PM,2025-07-24 18:27:21+00:00
6172607a932e0b0c3523854d,https://www.tiktokv.com/share/video/7527856281151966494/,07/17/2025 06:33PM,2025-07-18 01:12:07+00:00
6172607a932e0b0c3523854d,https://www.tiktokv.com/share/video/7495021916080622879/,07/17/2025 06:33PM,2025-07-18 01:12:04+00:00
6172607a932e0b0c3523854d,https://www.tiktokv.com/share/video/7521177700707372318/,07/17/2025 06:33PM,2025-07-18 01:09:26+00:00
6172607a932e0b0c3523854d,https://www.tiktokv.com/share/video/7526733424304917790/,07/17/2025 06:33PM,2025-07-18 01:07:37+00:00
6172607a932e0b0c3523854d,https://www.tiktokv.com/share/video/7527741741135432990/,07/17/2025 06:33PM,2025-07-18 01:03:06+00:00
5cb67a7ab73e8a001507fae5,https://www.tiktokv.com/share/video/7521527363377761550/,07/21/2025 02:16PM,2025-07-21 17:47:12+00:00
5cb67a7ab73e8a001507fae5,https://www.tiktokv.com/share/video/7511591421716040991/,07/21/2025 02:16PM,2025-07-21 17:47:03+00:00
5cb67a7ab73e8a001507fae5,https://www.tiktokv.com/share/video/7514496843833724202/,07/21/2025 02:16PM,2025-07-21 17:46:59+00:00
5cb67a7ab73e8a001507fae5,https://www.tiktokv.com/share/video/7515975157698006302/,07/21/2025 02:16PM,2025-07-21 17:45:58+00:00
5cb67a7ab73e8a001507fae5,https://www.tiktokv.com/share/video/7527472402171776270/,07/21/2025 02:16PM,2025-07-21 17:45:56+00:00
66d87fec4dffa84ac87bd3d1,https://www.tiktokv.com/share/video/7508261266083892511/,07/22/2025 07:14PM,2025-07-22 23:52:08+00:00
66d87fec4dffa84ac87bd3d1,https://www.tiktokv.com/share/video/7517216439984606495/,07/22/2025 07:14PM,2025-07-22 23:51:48+00:00
66d87fec4dffa84ac87bd3d1,https://www.tiktokv.com/share/video/7525743395126512927/,07/22/2025 07:14PM,2025-07-22 23:51:20+00:00
66d87fec4dffa84ac87bd3d1,https://www.tiktokv.com/share/video/7526791927958752543/,07/22/2025 07:14PM,2025-07-22 23:51:14+00:00
66d87fec4dffa84ac87bd3d1,https://www.tiktokv.com/share/video/7515140125525806367/,07/22/2025 07:14PM,2025-07-22 23:50:44+00:00
66341ea0271d271dc78c8283,https://www.tiktokv.com/share/video/7494410192948399402/,07/19/2025 02:42PM,2025-07-19 19:40:42+00:00
66341ea0271d271dc78c8283,https://www.tiktokv.com/share/video/7489529111614868778/,07/19/2025 02:42PM,2025-07-19 19:40:16+00:00
66341ea0271d271dc78c8283,https://www.tiktokv.com/share/video/7448430136636001566/,07/19/2025 02:42PM,2025-07-19 19:39:58+00:00
66341ea0271d271dc78c8283,https://www.tiktokv.com/share/video/7451411744708136223/,07/19/2025 02:42PM,2025-07-19 19:38:25+00:00
66341ea0271d271dc78c8283,https://www.tiktokv.com/share/video/7413760050230988037/,07/19/2025 02:42PM,2025-07-19 19:37:40+00:00
611098e0196fa40fa49f3aeb,https://www.tiktokv.com/share/video/7499536596895534358/,07/17/2025 03:50PM,2025-07-17 19:23:28+00:00
611098e0196fa40fa49f3aeb,https://www.tiktokv.com/share/video/7510610681696259374/,07/17/2025 03:50PM,2025-07-17 19:23:12+00:00
611098e0196fa40fa49f3aeb,https://www.tiktokv.com/share/video/7526437963241147661/,07/17/2025 03:50PM,2025-07-17 18:43:04+00:00
611098e0196fa40fa49f3aeb,https://www.tiktokv.com/share/video/7192735764566822187/,07/17/2025 03:50PM,2025-07-17 18:43:01+00:00
611098e0196fa40fa49f3aeb,https://www.tiktokv.com/share/video/7527797692488043806/,07/17/2025 03:50PM,2025-07-17 18:42:53+00:00
64337cc5c12109dc730de8c6,https://www.tiktokv.com/share/video/7529554774816001293/,07/22/2025 10:07AM,2025-07-22 13:16:50+00:00
64337cc5c12109dc730de8c6,https://www.tiktokv.com/share/video/7528335671866592535/,07/22/2025 10:07AM,2025-07-22 13:16:17+00:00
64337cc5c12109dc730de8c6,https://www.tiktokv.com/share/video/7527788094372711694/,07/22/2025 10:07AM,2025-07-22 13:15:59+00:00
64337cc5c12109dc730de8c6,https://www.tiktokv.com/share/video/7415363528875445505/,07/22/2025 10:07AM,2025-07-22 13:15:55+00:00
64337cc5c12109dc730de8c6,https://www.tiktokv.com/share/video/7521850367970217246/,07/22/2025 10:07AM,2025-07-22 13:14:47+00:00
672bee76481ff9ce73293a6b,https://www.tiktokv.com/share/video/7528838854229429534/,07/19/2025 06:29PM,2025-07-19 23:26:08+00:00
672bee76481ff9ce73293a6b,https://www.tiktokv.com/share/video/7525877921299352839/,07/19/2025 06:29PM,2025-07-19 23:25:59+00:00
672bee76481ff9ce73293a6b,https://www.tiktokv.com/share/video/7525233894942182670/,07/19/2025 06:29PM,2025-07-19 23:25:51+00:00
672bee76481ff9ce73293a6b,https://www.tiktokv.com/share/video/7520594651187809544/,07/19/2025 06:29PM,2025-07-19 23:25:50+00:00
672bee76481ff9ce73293a6b,https://www.tiktokv.com/share/video/7526376645469474061/,07/19/2025 06:29PM,2025-07-19 23:25:43+00:00
65c121703758b1e73a54fe8e,https://www.tiktokv.com/share/video/7528118987851386118/,07/18/2025 05:17PM,2025-07-18 20:19:26+00:00
65c121703758b1e73a54fe8e,https://www.tiktokv.com/share/video/7527794829808405766/,07/18/2025 05:17PM,2025-07-18 20:19:12+00:00
65c121703758b1e73a54fe8e,https://www.tiktokv.com/share/video/7528092305069215006/,07/18/2025 05:17PM,2025-07-18 20:10:21+00:00
65c121703758b1e73a54fe8e,https://www.tiktokv.com/share/video/7525859914447719711/,07/18/2025 05:17PM,2025-07-18 20:10:16+00:00
65c121703758b1e73a54fe8e,https://www.tiktokv.com/share/video/7429011539119656223/,07/18/2025 05:17PM,2025-07-18 20:10:15+00:00
66087779533f1a209a98e0d8,https://www.tiktokv.com/share/video/7528404320509807927/,07/20/2025 05:39PM,2025-07-20 20:40:04+00:00
66087779533f1a209a98e0d8,https://www.tiktokv.com/share/video/7528980002482785542/,07/20/2025 05:39PM,2025-07-20 20:40:03+00:00
66087779533f1a209a98e0d8,https://www.tiktokv.com/share/video/7529162865329130783/,07/20/2025 05:39PM,2025-07-20 20:39:57+00:00
66087779533f1a209a98e0d8,https://www.tiktokv.com/share/video/7529007111188139294/,07/20/2025 05:39PM,2025-07-20 20:39:56+00:00
66087779533f1a209a98e0d8,https://www.tiktokv.com/share/video/7529227230090759455/,07/20/2025 05:39PM,2025-07-20 20:39:54+00:00
65cb8561e8752b75256b4b1c,https://www.tiktokv.com/share/video/7527324348055637262/,07/16/2025 07:09PM,2025-07-16 22:52:52+00:00
65cb8561e8752b75256b4b1c,https://www.tiktokv.com/share/video/7511547541608090910/,07/16/2025 07:09PM,2025-07-16 22:52:50+00:00
65cb8561e8752b75256b4b1c,https://www.tiktokv.com/share/video/7520271669995326727/,07/16/2025 07:09PM,2025-07-16 22:52:50+00:00
65cb8561e8752b75256b4b1c,https://www.tiktokv.com/share/video/7527258530034846982/,07/16/2025 07:09PM,2025-07-16 22:52:20+00:00
65cb8561e8752b75256b4b1c,https://www.tiktokv.com/share/video/7511172763638451474/,07/16/2025 07:09PM,2025-07-16 22:52:19+00:00
672268205351c30413c9837e,https://www.tiktokv.com/share/video/7524355620292627726/,07/17/2025 09:24PM,2025-07-18 02:27:14+00:00
672268205351c30413c9837e,https://www.tiktokv.com/share/video/7520924747132112183/,07/17/2025 09:24PM,2025-07-18 02:27:05+00:00
672268205351c30413c9837e,https://www.tiktokv.com/share/video/7513152930044742934/,07/17/2025 09:24PM,2025-07-18 02:27:04+00:00
672268205351c30413c9837e,https://www.tiktokv.com/share/video/7508752709512695096/,07/17/2025 09:24PM,2025-07-18 02:25:37+00:00
672268205351c30413c9837e,https://www.tiktokv.com/share/video/7507177804375608609/,07/17/2025 09:24PM,2025-07-18 02:24:21+00:00
5ee85ec585a33015e839df78,https://www.tiktokv.com/share/video/7517713308347075853/,07/20/2025 07:10PM,2025-07-20 22:47:19+00:00
5ee85ec585a33015e839df78,https://www.tiktokv.com/share/video/7529255529168899358/,07/20/2025 07:10PM,2025-07-20 22:46:37+00:00
5ee85ec585a33015e839df78,https://www.tiktokv.com/share/video/7529290520711974174/,07/20/2025 07:10PM,2025-07-20 22:46:17+00:00
5ee85ec585a33015e839df78,https://www.tiktokv.com/share/video/7527867824174337293/,07/20/2025 07:10PM,2025-07-20 22:46:16+00:00
5ee85ec585a33015e839df78,https://www.tiktokv.com/share/video/7529026818230275342/,07/20/2025 07:10PM,2025-07-20 22:46:00+00:00
66ad7a9bda89473531598c06,https://www.tiktokv.com/share/video/7521398506645425439/,07/18/2025 08:30PM,2025-07-19 00:03:27+00:00
66ad7a9bda89473531598c06,https://www.tiktokv.com/share/video/7522244169721548063/,07/18/2025 08:30PM,2025-07-19 00:01:11+00:00
66ad7a9bda89473531598c06,https://www.tiktokv.com/share/video/7523013190335221022/,07/18/2025 08:30PM,2025-07-19 00:01:08+00:00
66ad7a9bda89473531598c06,https://www.tiktokv.com/share/video/7522902543266106654/,07/18/2025 08:30PM,2025-07-19 00:00:42+00:00
66ad7a9bda89473531598c06,https://www.tiktokv.com/share/video/7525148121316281630/,07/18/2025 08:30PM,2025-07-19 00:00:41+00:00
663dff19b292e4e2c5c11a1b,https://www.tiktokv.com/share/video/7528573568737742111/,07/21/2025 05:00PM,2025-07-21 20:54:49+00:00
663dff19b292e4e2c5c11a1b,https://www.tiktokv.com/share/video/7528781855328455991/,07/21/2025 05:00PM,2025-07-21 20:54:44+00:00
663dff19b292e4e2c5c11a1b,https://www.tiktokv.com/share/video/7528266975357816077/,07/21/2025 05:00PM,2025-07-21 20:53:13+00:00
663dff19b292e4e2c5c11a1b,https://www.tiktokv.com/share/video/7524809946525994258/,07/21/2025 05:00PM,2025-07-21 20:53:11+00:00
663dff19b292e4e2c5c11a1b,https://www.tiktokv.com/share/video/7527425503381179678/,07/21/2025 05:00PM,2025-07-21 20:52:29+00:00
615a26534d0c68e16bab9513,https://www.tiktokv.com/share/video/7528581398890925367/,07/19/2025 12:00PM,2025-07-19 18:57:08+00:00
615a26534d0c68e16bab9513,https://www.tiktokv.com/share/video/7528705630991846664/,07/19/2025 12:00PM,2025-07-19 18:57:06+00:00
615a26534d0c68e16bab9513,https://www.tiktokv.com/share/video/7508423224045210911/,07/19/2025 12:00PM,2025-07-19 18:47:49+00:00
615a26534d0c68e16bab9513,https://www.tiktokv.com/share/video/7527867444560481567/,07/19/2025 12:00PM,2025-07-19 18:28:36+00:00
615a26534d0c68e16bab9513,https://www.tiktokv.com/share/video/7527838596678569246/,07/19/2025 12:00PM,2025-07-19 18:09:15+00:00
66928dba6ec70dde14a4b032,https://www.tiktokv.com/share/video/7514305527283813650/,07/14/2025 07:40PM,2025-07-14 23:14:37+00:00
66928dba6ec70dde14a4b032,https://www.tiktokv.com/share/video/7497704459200515350/,07/14/2025 07:40PM,2025-07-14 23:14:16+00:00
66928dba6ec70dde14a4b032,https://www.tiktokv.com/share/video/7511643820661001479/,07/14/2025 07:40PM,2025-07-14 23:13:47+00:00
66928dba6ec70dde14a4b032,https://www.tiktokv.com/share/video/7501370280774798600/,07/14/2025 07:40PM,2025-07-14 23:13:46+00:00
66928dba6ec70dde14a4b032,https://www.tiktokv.com/share/video/7521883395601779998/,07/14/2025 07:40PM,2025-07-14 23:13:40+00:00
673f58421b143a15bc2367c1,https://www.tiktokv.com/share/video/7524830644942294302/,07/20/2025 01:05PM,2025-07-20 16:29:40+00:00
673f58421b143a15bc2367c1,https://www.tiktokv.com/share/video/7525114229196655903/,07/20/2025 01:05PM,2025-07-20 16:28:55+00:00
673f58421b143a15bc2367c1,https://www.tiktokv.com/share/video/7521789018867027255/,07/20/2025 01:05PM,2025-07-20 16:28:53+00:00
673f58421b143a15bc2367c1,https://www.tiktokv.com/share/video/7517913732828171550/,07/20/2025 01:05PM,2025-07-20 16:27:38+00:00
673f58421b143a15bc2367c1,https://www.tiktokv.com/share/video/7517047437249219871/,07/20/2025 01:05PM,2025-07-20 16:27:32+00:00
66d50d300762b209335c49aa,https://www.tiktokv.com/share/video/7529532120918658359/,07/21/2025 05:32PM,2025-07-21 21:30:57+00:00
66d50d300762b209335c49aa,https://www.tiktokv.com/share/video/7511022782617111851/,07/21/2025 05:32PM,2025-07-21 21:30:43+00:00
66d50d300762b209335c49aa,https://www.tiktokv.com/share/video/7512403743392992542/,07/21/2025 05:32PM,2025-07-21 21:30:16+00:00
66d50d300762b209335c49aa,https://www.tiktokv.com/share/video/7526652813015895326/,07/21/2025 05:32PM,2025-07-21 21:29:57+00:00
66d50d300762b209335c49aa,https://www.tiktokv.com/share/video/7528241938290560311/,07/21/2025 05:32PM,2025-07-21 21:29:47+00:00
60aef7d156d2134b8e20d737,https://www.tiktokv.com/share/video/7529675651809348878/,07/22/2025 05:52PM,2025-07-22 21:42:35+00:00
60aef7d156d2134b8e20d737,https://www.tiktokv.com/share/video/7529738401650707742/,07/22/2025 05:52PM,2025-07-22 21:42:06+00:00
60aef7d156d2134b8e20d737,https://www.tiktokv.com/share/video/7523790672713829646/,07/22/2025 05:52PM,2025-07-22 21:41:55+00:00
60aef7d156d2134b8e20d737,https://www.tiktokv.com/share/video/7529231659229629726/,07/22/2025 05:52PM,2025-07-22 21:30:35+00:00
60aef7d156d2134b8e20d737,https://www.tiktokv.com/share/video/7521880927157456141/,07/22/2025 05:52PM,2025-07-22 21:30:27+00:00
62a889993e01c9e01ee7066e,https://www.tiktokv.com/share/video/7508383533082168607/,07/17/2025 09:58PM,2025-07-18 02:35:40+00:00
62a889993e01c9e01ee7066e,https://www.tiktokv.com/share/video/7527842436316450061/,07/17/2025 09:58PM,2025-07-18 02:33:35+00:00
62a889993e01c9e01ee7066e,https://www.tiktokv.com/share/video/7527112530200743199/,07/17/2025 09:58PM,2025-07-18 02:33:33+00:00
62a889993e01c9e01ee7066e,https://www.tiktokv.com/share/video/7516663513717214478/,07/17/2025 09:58PM,2025-07-18 02:33:08+00:00
62a889993e01c9e01ee7066e,https://www.tiktokv.com/share/video/7515482797319146798/,07/17/2025 09:58PM,2025-07-18 02:33:00+00:00
67709ec28bdf0084bd3b231b,https://www.tiktokv.com/share/video/7529947297698860310/,07/22/2025 05:00PM,2025-07-22 23:49:02+00:00
67709ec28bdf0084bd3b231b,https://www.tiktokv.com/share/video/7529564336214314245/,07/22/2025 05:00PM,2025-07-22 23:49:00+00:00
67709ec28bdf0084bd3b231b,https://www.tiktokv.com/share/video/7528025729028623672/,07/22/2025 05:00PM,2025-07-22 23:48:46+00:00
67709ec28bdf0084bd3b231b,https://www.tiktokv.com/share/video/7529980268476681528/,07/22/2025 05:00PM,2025-07-22 23:48:38+00:00
67709ec28bdf0084bd3b231b,https://www.tiktokv.com/share/video/7522699574314683703/,07/22/2025 05:00PM,2025-07-22 23:46:35+00:00
67a8ef6331f586a361a8ec33,https://www.tiktokv.com/share/video/7529268995694824717/,07/20/2025 05:02PM,2025-07-20 20:49:48+00:00
67a8ef6331f586a361a8ec33,https://www.tiktokv.com/share/video/7529268357720329527/,07/20/2025 05:02PM,2025-07-20 20:49:43+00:00
67a8ef6331f586a361a8ec33,https://www.tiktokv.com/share/video/7519681778139811085/,07/20/2025 05:02PM,2025-07-20 20:47:37+00:00
67a8ef6331f586a361a8ec33,https://www.tiktokv.com/share/video/7519680001906642231/,07/20/2025 05:02PM,2025-07-20 20:47:37+00:00
67a8ef6331f586a361a8ec33,https://www.tiktokv.com/share/video/7519678774615477518/,07/20/2025 05:02PM,2025-07-20 20:47:36+00:00
67214fff709291ea881e3bfe,https://www.tiktokv.com/share/video/7517745782863285534/,07/22/2025 08:08PM,2025-07-23 01:03:50+00:00
67214fff709291ea881e3bfe,https://www.tiktokv.com/share/video/7496981894031052040/,07/22/2025 08:08PM,2025-07-23 01:03:49+00:00
67214fff709291ea881e3bfe,https://www.tiktokv.com/share/video/7529896791588752671/,07/22/2025 08:08PM,2025-07-23 01:03:47+00:00
67214fff709291ea881e3bfe,https://www.tiktokv.com/share/video/7529610972386839821/,07/22/2025 08:08PM,2025-07-23 01:03:43+00:00
67214fff709291ea881e3bfe,https://www.tiktokv.com/share/video/7527381057788710175/,07/22/2025 08:08PM,2025-07-23 01:03:42+00:00
61003ee06e7798e7469ec5d4,https://www.tiktokv.com/share/video/7528125167407500576/,07/18/2025 10:44AM,2025-07-18 13:48:21+00:00
61003ee06e7798e7469ec5d4,https://www.tiktokv.com/share/video/7528091335803276599/,07/18/2025 10:44AM,2025-07-18 13:47:14+00:00
61003ee06e7798e7469ec5d4,https://www.tiktokv.com/share/video/7487416731116375338/,07/18/2025 10:44AM,2025-07-18 13:47:12+00:00
61003ee06e7798e7469ec5d4,https://www.tiktokv.com/share/video/7528335959956524302/,07/18/2025 10:44AM,2025-07-18 13:45:51+00:00
61003ee06e7798e7469ec5d4,https://www.tiktokv.com/share/video/7528411534326811934/,07/18/2025 10:44AM,2025-07-18 13:44:57+00:00
64559feafbddb5f11010b973,https://www.tiktokv.com/share/video/7529263091331140894/,07/21/2025 05:16PM,2025-07-22 00:15:10+00:00
64559feafbddb5f11010b973,https://www.tiktokv.com/share/video/7529246005175373111/,07/21/2025 05:16PM,2025-07-22 00:14:57+00:00
64559feafbddb5f11010b973,https://www.tiktokv.com/share/video/7529685693895937310/,07/21/2025 05:16PM,2025-07-22 00:14:51+00:00
64559feafbddb5f11010b973,https://www.tiktokv.com/share/video/7526102668146724151/,07/21/2025 05:16PM,2025-07-22 00:13:43+00:00
64559feafbddb5f11010b973,https://www.tiktokv.com/share/video/7528931713267830046/,07/21/2025 05:16PM,2025-07-22 00:13:29+00:00
673e1fd0bd9093214a458228,https://www.tiktokv.com/share/video/7521842579177000210/,07/16/2025 06:25PM,2025-07-16 23:03:45+00:00
673e1fd0bd9093214a458228,https://www.tiktokv.com/share/video/7527651635192024334/,07/16/2025 06:25PM,2025-07-16 23:02:06+00:00
673e1fd0bd9093214a458228,https://www.tiktokv.com/share/video/7491795265603636522/,07/16/2025 06:25PM,2025-07-16 23:02:04+00:00
673e1fd0bd9093214a458228,https://www.tiktokv.com/share/video/7527704621364694285/,07/16/2025 06:25PM,2025-07-16 23:02:03+00:00
673e1fd0bd9093214a458228,https://www.tiktokv.com/share/video/7527802441153203469/,07/16/2025 06:25PM,2025-07-16 23:02:02+00:00
676d6b0a137e2c9c8e9fc347,https://www.tiktokv.com/share/video/7529926338711538957/,07/22/2025 02:00PM,2025-07-22 17:57:32+00:00
676d6b0a137e2c9c8e9fc347,https://www.tiktokv.com/share/video/7511836176144272648/,07/22/2025 02:00PM,2025-07-22 17:57:27+00:00
676d6b0a137e2c9c8e9fc347,https://www.tiktokv.com/share/video/7528794219322920223/,07/22/2025 02:00PM,2025-07-22 17:57:00+00:00
676d6b0a137e2c9c8e9fc347,https://www.tiktokv.com/share/video/7504491506577771807/,07/22/2025 02:00PM,2025-07-22 17:56:55+00:00
676d6b0a137e2c9c8e9fc347,https://www.tiktokv.com/share/video/7498253175934307615/,07/22/2025 02:00PM,2025-07-22 17:56:43+00:00
675a2864cf3d9d870639c42b,https://www.tiktokv.com/share/video/7528006407522766093/,07/18/2025 05:15PM,2025-07-18 21:32:41+00:00
675a2864cf3d9d870639c42b,https://www.tiktokv.com/share/video/7528223335377915167/,07/18/2025 05:15PM,2025-07-18 21:32:40+00:00
675a2864cf3d9d870639c42b,https://www.tiktokv.com/share/video/7526189466914934071/,07/18/2025 05:15PM,2025-07-18 21:23:28+00:00
675a2864cf3d9d870639c42b,https://www.tiktokv.com/share/video/7527782975828692238/,07/18/2025 05:15PM,2025-07-18 21:23:25+00:00
675a2864cf3d9d870639c42b,https://www.tiktokv.com/share/video/7528509073772399894/,07/18/2025 05:15PM,2025-07-18 21:23:04+00:00
66aa9f9fc7c65a4ada942d3c,https://www.tiktokv.com/share/video/7527718232799612173/,07/20/2025 12:10PM,2025-07-20 16:52:18+00:00
66aa9f9fc7c65a4ada942d3c,https://www.tiktokv.com/share/video/7516872619061251350/,07/20/2025 12:10PM,2025-07-20 16:52:12+00:00
66aa9f9fc7c65a4ada942d3c,https://www.tiktokv.com/share/video/7525250092387880222/,07/20/2025 12:10PM,2025-07-20 16:52:07+00:00
66aa9f9fc7c65a4ada942d3c,https://www.tiktokv.com/share/video/7517331783726402823/,07/20/2025 12:10PM,2025-07-20 16:52:05+00:00
66aa9f9fc7c65a4ada942d3c,https://www.tiktokv.com/share/video/7527533193960901918/,07/20/2025 12:10PM,2025-07-20 16:51:57+00:00
64e36d981d00e7d7c45addc2,https://www.tiktokv.com/share/video/7510223053549227295/,07/22/2025 05:01PM,2025-07-22 23:56:32+00:00
64e36d981d00e7d7c45addc2,https://www.tiktokv.com/share/video/7526754981517593870/,07/22/2025 05:01PM,2025-07-22 23:56:17+00:00
64e36d981d00e7d7c45addc2,https://www.tiktokv.com/share/video/7425460492333780267/,07/22/2025 05:01PM,2025-07-22 23:56:11+00:00
64e36d981d00e7d7c45addc2,https://www.tiktokv.com/share/video/7528075723626548510/,07/22/2025 05:01PM,2025-07-22 23:56:04+00:00
64e36d981d00e7d7c45addc2,https://www.tiktokv.com/share/video/7529657816072670477/,07/22/2025 05:01PM,2025-07-22 23:56:03+00:00
67a67b4a6d32992419ee200c,https://www.tiktokv.com/share/video/7527000101315710239/,07/16/2025 01:39PM,2025-07-16 17:38:23+00:00
67a67b4a6d32992419ee200c,https://www.tiktokv.com/share/video/7527687666930912525/,07/16/2025 01:39PM,2025-07-16 17:37:14+00:00
67a67b4a6d32992419ee200c,https://www.tiktokv.com/share/video/7527428235705978126/,07/16/2025 01:39PM,2025-07-16 17:37:07+00:00
67a67b4a6d32992419ee200c,https://www.tiktokv.com/share/video/7524796016063794487/,07/16/2025 01:39PM,2025-07-16 17:36:35+00:00
67a67b4a6d32992419ee200c,https://www.tiktokv.com/share/video/7527730609813343502/,07/16/2025 01:39PM,2025-07-16 17:36:23+00:00
654531a6a0ab28a6ae27dad1,https://www.tiktokv.com/share/video/7517814071031254302/,07/18/2025 06:01PM,2025-07-18 22:50:34+00:00
654531a6a0ab28a6ae27dad1,https://www.tiktokv.com/share/video/7528555304888372535/,07/18/2025 06:01PM,2025-07-18 22:50:33+00:00
654531a6a0ab28a6ae27dad1,https://www.tiktokv.com/share/video/7524606280422477087/,07/18/2025 06:01PM,2025-07-18 22:50:32+00:00
654531a6a0ab28a6ae27dad1,https://www.tiktokv.com/share/video/7528275458870283551/,07/18/2025 06:01PM,2025-07-18 22:50:21+00:00
654531a6a0ab28a6ae27dad1,https://www.tiktokv.com/share/video/7528093843288313118/,07/18/2025 06:01PM,2025-07-18 22:50:06+00:00
66cd2c8c3c30644a70211f5e,https://www.tiktokv.com/share/video/7516567043341110559/,07/15/2025 09:16PM,2025-07-16 02:13:42+00:00
66cd2c8c3c30644a70211f5e,https://www.tiktokv.com/share/video/7526294335315381512/,07/15/2025 09:16PM,2025-07-16 02:13:37+00:00
66cd2c8c3c30644a70211f5e,https://www.tiktokv.com/share/video/7526977062310071583/,07/15/2025 09:16PM,2025-07-16 02:12:25+00:00
66cd2c8c3c30644a70211f5e,https://www.tiktokv.com/share/video/7526243288085450014/,07/15/2025 09:16PM,2025-07-16 02:12:23+00:00
66cd2c8c3c30644a70211f5e,https://www.tiktokv.com/share/video/7525817835134717214/,07/15/2025 09:16PM,2025-07-16 02:12:22+00:00
5e208d07ab132b39fef214ac,https://www.tiktokv.com/share/video/7529864663366978846/,07/23/2025 10:00AM,2025-07-23 13:57:04+00:00
5e208d07ab132b39fef214ac,https://www.tiktokv.com/share/video/7527756713458519304/,07/23/2025 10:00AM,2025-07-23 13:57:03+00:00
5e208d07ab132b39fef214ac,https://www.tiktokv.com/share/video/7530043813499260190/,07/23/2025 10:00AM,2025-07-23 13:54:59+00:00
5e208d07ab132b39fef214ac,https://www.tiktokv.com/share/video/7522883088582577421/,07/23/2025 10:00AM,2025-07-23 13:54:58+00:00
5e208d07ab132b39fef214ac,https://www.tiktokv.com/share/video/7529626322235182391/,07/23/2025 10:00AM,2025-07-23 13:53:50+00:00
66eddcfe67e927db6f0a4768,https://www.tiktokv.com/share/video/7527962765605096759/,07/19/2025 05:21PM,2025-07-19 21:08:47+00:00
66eddcfe67e927db6f0a4768,https://www.tiktokv.com/share/video/7519284951221554463/,07/19/2025 05:21PM,2025-07-19 21:08:41+00:00
66eddcfe67e927db6f0a4768,https://www.tiktokv.com/share/video/7527358922198486279/,07/19/2025 05:21PM,2025-07-19 21:08:40+00:00
66eddcfe67e927db6f0a4768,https://www.tiktokv.com/share/video/7523716384979684613/,07/19/2025 05:21PM,2025-07-19 21:08:13+00:00
66eddcfe67e927db6f0a4768,https://www.tiktokv.com/share/video/7528898600454098207/,07/19/2025 05:21PM,2025-07-19 21:08:02+00:00
57886b106cc44500010441f5,https://www.tiktokv.com/share/video/7529662424274799885/,07/21/2025 06:37PM,2025-07-21 22:28:13+00:00
57886b106cc44500010441f5,https://www.tiktokv.com/share/video/7529644824824122654/,07/21/2025 06:37PM,2025-07-21 22:28:11+00:00
57886b106cc44500010441f5,https://www.tiktokv.com/share/video/7528875863056583950/,07/21/2025 06:37PM,2025-07-21 22:28:03+00:00
57886b106cc44500010441f5,https://www.tiktokv.com/share/video/7506173981943221546/,07/21/2025 06:37PM,2025-07-21 22:28:02+00:00
57886b106cc44500010441f5,https://www.tiktokv.com/share/video/7529630447333117214/,07/21/2025 06:37PM,2025-07-21 22:27:59+00:00
66686754656626db092a1002,https://www.tiktokv.com/share/video/7521906270576676127/,07/22/2025 02:17PM,2025-07-22 17:43:15+00:00
66686754656626db092a1002,https://www.tiktokv.com/share/video/7529620543310482701/,07/22/2025 02:17PM,2025-07-22 17:42:57+00:00
66686754656626db092a1002,https://www.tiktokv.com/share/video/7514348718301154606/,07/22/2025 02:17PM,2025-07-22 17:42:56+00:00
66686754656626db092a1002,https://www.tiktokv.com/share/video/7529564471518317855/,07/22/2025 02:17PM,2025-07-22 17:39:36+00:00
66686754656626db092a1002,https://www.tiktokv.com/share/video/7446358875910966545/,07/22/2025 02:17PM,2025-07-22 17:39:35+00:00
668e256e72fec0873be580cd,https://www.tiktokv.com/share/video/7170751047290342698/,07/21/2025 10:01PM,2025-07-22 02:00:42+00:00
668e256e72fec0873be580cd,https://www.tiktokv.com/share/video/7348873670795857183/,07/21/2025 10:01PM,2025-07-22 02:00:41+00:00
668e256e72fec0873be580cd,https://www.tiktokv.com/share/video/7473576363555933462/,07/21/2025 10:01PM,2025-07-22 02:00:41+00:00
668e256e72fec0873be580cd,https://www.tiktokv.com/share/video/7348911712927747374/,07/21/2025 10:01PM,2025-07-22 02:00:33+00:00
668e256e72fec0873be580cd,https://www.tiktokv.com/share/video/7529572209770171703/,07/21/2025 10:01PM,2025-07-22 02:00:26+00:00
66f0c81ea46a554aeb92cd04,https://www.tiktokv.com/share/video/7339600435335941422/,07/21/2025 09:00PM,2025-07-22 01:51:00+00:00
66f0c81ea46a554aeb92cd04,https://www.tiktokv.com/share/video/7493212920843668782/,07/21/2025 09:00PM,2025-07-22 01:50:49+00:00
66f0c81ea46a554aeb92cd04,https://www.tiktokv.com/share/video/7503677327591656746/,07/21/2025 09:00PM,2025-07-22 01:49:27+00:00
66f0c81ea46a554aeb92cd04,https://www.tiktokv.com/share/video/7506570501855137055/,07/21/2025 09:00PM,2025-07-22 01:48:41+00:00
66f0c81ea46a554aeb92cd04,https://www.tiktokv.com/share/video/7508796921276927275/,07/21/2025 09:00PM,2025-07-22 01:48:31+00:00
6735170efd3f52b12d5a9018,https://www.tiktokv.com/share/video/7518804042177400119/,07/24/2025 10:41AM,2025-07-24 14:07:22+00:00
6735170efd3f52b12d5a9018,https://www.tiktokv.com/share/video/7530257863600655646/,07/24/2025 10:41AM,2025-07-24 14:06:59+00:00
6735170efd3f52b12d5a9018,https://www.tiktokv.com/share/video/7527849384587922701/,07/24/2025 10:41AM,2025-07-24 14:05:59+00:00
6735170efd3f52b12d5a9018,https://www.tiktokv.com/share/video/7526008480684182814/,07/24/2025 10:41AM,2025-07-24 14:05:19+00:00
6735170efd3f52b12d5a9018,https://www.tiktokv.com/share/video/7525636888670145822/,07/24/2025 10:41AM,2025-07-24 14:05:17+00:00
677154f7f2518ea087b747ed,https://www.tiktokv.com/share/video/7527470537870740767/,07/15/2025 08:21PM,2025-07-16 00:42:19+00:00
677154f7f2518ea087b747ed,https://www.tiktokv.com/share/video/7526957950385048887/,07/15/2025 08:21PM,2025-07-16 00:42:09+00:00
677154f7f2518ea087b747ed,https://www.tiktokv.com/share/video/7517822911042964750/,07/15/2025 08:21PM,2025-07-16 00:41:51+00:00
677154f7f2518ea087b747ed,https://www.tiktokv.com/share/video/7517363971918204191/,07/15/2025 08:21PM,2025-07-16 00:41:45+00:00
677154f7f2518ea087b747ed,https://www.tiktokv.com/share/video/7527321253976345870/,07/15/2025 08:21PM,2025-07-16 00:41:35+00:00
655f9bb3070d42d4bc67e866,https://www.tiktokv.com/share/video/7526595379840765215/,07/14/2025 05:21PM,2025-07-14 20:31:33+00:00
655f9bb3070d42d4bc67e866,https://www.tiktokv.com/share/video/7527015477697170718/,07/14/2025 05:21PM,2025-07-14 20:31:29+00:00
655f9bb3070d42d4bc67e866,https://www.tiktokv.com/share/video/7526967802226347319/,07/14/2025 05:21PM,2025-07-14 20:31:27+00:00
655f9bb3070d42d4bc67e866,https://www.tiktokv.com/share/video/7526280067807218999/,07/14/2025 05:21PM,2025-07-14 20:31:26+00:00
655f9bb3070d42d4bc67e866,https://www.tiktokv.com/share/video/7526667193384226079/,07/14/2025 05:21PM,2025-07-14 20:31:25+00:00
6706833dcea7f4813f7ebfb6,https://www.tiktokv.com/share/video/7520855239365315870/,07/20/2025 12:39PM,2025-07-20 16:22:47+00:00
6706833dcea7f4813f7ebfb6,https://www.tiktokv.com/share/video/7527743598700350727/,07/20/2025 12:39PM,2025-07-20 16:22:46+00:00
6706833dcea7f4813f7ebfb6,https://www.tiktokv.com/share/video/7529199143105973517/,07/20/2025 12:39PM,2025-07-20 16:22:44+00:00
6706833dcea7f4813f7ebfb6,https://www.tiktokv.com/share/video/7527453761267043597/,07/20/2025 12:39PM,2025-07-20 16:22:31+00:00
6706833dcea7f4813f7ebfb6,https://www.tiktokv.com/share/video/7512187201623559432/,07/20/2025 12:39PM,2025-07-20 16:22:30+00:00
6334df27284fbe566f1b02be,https://www.tiktokv.com/share/video/7520344276677446930/,07/19/2025 12:03PM,2025-07-19 19:02:55+00:00
6334df27284fbe566f1b02be,https://www.tiktokv.com/share/video/7525940600282139935/,07/19/2025 12:03PM,2025-07-19 19:02:52+00:00
6334df27284fbe566f1b02be,https://www.tiktokv.com/share/video/7528793626554404151/,07/19/2025 12:03PM,2025-07-19 18:57:59+00:00
6334df27284fbe566f1b02be,https://www.tiktokv.com/share/video/7528541346886421774/,07/19/2025 12:03PM,2025-07-19 18:57:46+00:00
6334df27284fbe566f1b02be,https://www.tiktokv.com/share/video/7528554588568309022/,07/19/2025 12:03PM,2025-07-19 18:53:38+00:00
663a5cc1f775076b324606c6,https://www.tiktokv.com/share/video/7526042105270078751/,07/20/2025 09:02PM,2025-07-21 02:01:01+00:00
663a5cc1f775076b324606c6,https://www.tiktokv.com/share/video/7526796178717936951/,07/20/2025 09:02PM,2025-07-21 02:00:54+00:00
663a5cc1f775076b324606c6,https://www.tiktokv.com/share/video/7509965309206514990/,07/20/2025 09:02PM,2025-07-21 02:00:29+00:00
663a5cc1f775076b324606c6,https://www.tiktokv.com/share/video/7520013722065095950/,07/20/2025 09:02PM,2025-07-21 02:00:11+00:00
663a5cc1f775076b324606c6,https://www.tiktokv.com/share/video/7528729050299354399/,07/20/2025 09:02PM,2025-07-21 02:00:10+00:00
6631a9caa7ecf621ae2ad49f,https://www.tiktokv.com/share/video/7525587366434671903/,07/16/2025 02:41PM,2025-07-16 17:47:18+00:00
6631a9caa7ecf621ae2ad49f,https://www.tiktokv.com/share/video/7527106256096480525/,07/16/2025 02:41PM,2025-07-16 17:46:52+00:00
6631a9caa7ecf621ae2ad49f,https://www.tiktokv.com/share/video/7481328660515982623/,07/16/2025 02:41PM,2025-07-16 17:46:51+00:00
6631a9caa7ecf621ae2ad49f,https://www.tiktokv.com/share/video/7527329069290065182/,07/16/2025 02:41PM,2025-07-16 17:45:59+00:00
6631a9caa7ecf621ae2ad49f,https://www.tiktokv.com/share/video/7527424002256555295/,07/16/2025 02:41PM,2025-07-16 17:45:56+00:00
6723fefd7a09fe9da8f9bd10,https://www.tiktokv.com/share/video/7527546032448605470/,07/18/2025 10:07AM,2025-07-18 13:25:50+00:00
6723fefd7a09fe9da8f9bd10,https://www.tiktokv.com/share/video/7527724834206321934/,07/18/2025 10:07AM,2025-07-18 13:25:42+00:00
6723fefd7a09fe9da8f9bd10,https://www.tiktokv.com/share/video/7528076093434137869/,07/18/2025 10:07AM,2025-07-18 13:25:09+00:00
6723fefd7a09fe9da8f9bd10,https://www.tiktokv.com/share/video/7528215547142573317/,07/18/2025 10:07AM,2025-07-18 13:25:03+00:00
6723fefd7a09fe9da8f9bd10,https://www.tiktokv.com/share/video/7528409764687088927/,07/18/2025 10:07AM,2025-07-18 13:24:50+00:00
612cd21ab53f52338b7b4f19,https://www.tiktokv.com/share/video/7527386926320569655/,07/16/2025 12:11PM,2025-07-16 15:57:17+00:00
612cd21ab53f52338b7b4f19,https://www.tiktokv.com/share/video/7514120098702069038/,07/16/2025 12:11PM,2025-07-16 15:57:16+00:00
612cd21ab53f52338b7b4f19,https://www.tiktokv.com/share/video/7526908019242732822/,07/16/2025 12:11PM,2025-07-16 15:57:08+00:00
612cd21ab53f52338b7b4f19,https://www.tiktokv.com/share/video/7526680837333519671/,07/16/2025 12:11PM,2025-07-16 15:56:35+00:00
612cd21ab53f52338b7b4f19,https://www.tiktokv.com/share/video/7524808111954119949/,07/16/2025 12:11PM,2025-07-16 15:56:28+00:00
6787cc333a6c7634172d6eaa,https://www.tiktokv.com/share/video/7528521844329041207/,07/18/2025 09:26PM,2025-07-19 02:23:53+00:00
6787cc333a6c7634172d6eaa,https://www.tiktokv.com/share/video/7527829722558909726/,07/18/2025 09:26PM,2025-07-19 02:20:51+00:00
6787cc333a6c7634172d6eaa,https://www.tiktokv.com/share/video/7524432759259958550/,07/18/2025 09:26PM,2025-07-19 02:20:21+00:00
6787cc333a6c7634172d6eaa,https://www.tiktokv.com/share/video/7510186356325322000/,07/18/2025 09:26PM,2025-07-19 02:20:20+00:00
6787cc333a6c7634172d6eaa,https://www.tiktokv.com/share/video/7525203978926247199/,07/18/2025 09:26PM,2025-07-19 02:20:16+00:00
66f3112a95dd87cfc72a7d31,https://www.tiktokv.com/share/video/7528801361442442510/,07/20/2025 07:10PM,2025-07-20 23:58:57+00:00
66f3112a95dd87cfc72a7d31,https://www.tiktokv.com/share/video/7528561212213185823/,07/20/2025 07:10PM,2025-07-20 23:58:56+00:00
66f3112a95dd87cfc72a7d31,https://www.tiktokv.com/share/video/7529281831322111246/,07/20/2025 07:10PM,2025-07-20 23:58:54+00:00
66f3112a95dd87cfc72a7d31,https://www.tiktokv.com/share/video/7522919265406684472/,07/20/2025 07:10PM,2025-07-20 23:58:50+00:00
66f3112a95dd87cfc72a7d31,https://www.tiktokv.com/share/video/7512104319005543681/,07/20/2025 07:10PM,2025-07-20 23:58:49+00:00
60fd0c7f3feef315172385cf,https://www.tiktokv.com/share/video/7526982302203759885/,07/16/2025 02:00PM,2025-07-16 17:47:10+00:00
60fd0c7f3feef315172385cf,https://www.tiktokv.com/share/video/7514389440391810347/,07/16/2025 02:00PM,2025-07-16 17:47:09+00:00
60fd0c7f3feef315172385cf,https://www.tiktokv.com/share/video/7527025967299120398/,07/16/2025 02:00PM,2025-07-16 17:47:04+00:00
60fd0c7f3feef315172385cf,https://www.tiktokv.com/share/video/7527720186825248031/,07/16/2025 02:00PM,2025-07-16 17:46:36+00:00
60fd0c7f3feef315172385cf,https://www.tiktokv.com/share/video/7527311049360428295/,07/16/2025 02:00PM,2025-07-16 17:46:35+00:00
659ec8e44bc69fccbc656d14,https://www.tiktokv.com/share/video/7223442529037946158/,07/20/2025 09:01PM,2025-07-21 00:35:38+00:00
659ec8e44bc69fccbc656d14,https://www.tiktokv.com/share/video/7473246924347297070/,07/20/2025 09:01PM,2025-07-21 00:35:37+00:00
659ec8e44bc69fccbc656d14,https://www.tiktokv.com/share/video/7529246539156426015/,07/20/2025 09:01PM,2025-07-21 00:35:37+00:00
659ec8e44bc69fccbc656d14,https://www.tiktokv.com/share/video/7438407103649238302/,07/20/2025 09:01PM,2025-07-21 00:35:37+00:00
659ec8e44bc69fccbc656d14,https://www.tiktokv.com/share/video/7507729935427964191/,07/20/2025 09:01PM,2025-07-21 00:35:34+00:00
663804db4a6604d0e14fdb17,https://www.tiktokv.com/share/video/7527529568966577421/,07/16/2025 01:00PM,2025-07-16 19:57:22+00:00
663804db4a6604d0e14fdb17,https://www.tiktokv.com/share/video/7526193447359778079/,07/16/2025 01:00PM,2025-07-16 19:55:25+00:00
663804db4a6604d0e14fdb17,https://www.tiktokv.com/share/video/7526563278688963854/,07/16/2025 01:00PM,2025-07-16 19:55:11+00:00
663804db4a6604d0e14fdb17,https://www.tiktokv.com/share/video/7526970602813394190/,07/16/2025 01:00PM,2025-07-16 19:54:59+00:00
663804db4a6604d0e14fdb17,https://www.tiktokv.com/share/video/7526454978022542623/,07/16/2025 01:00PM,2025-07-16 19:53:28+00:00
5fc6e3a0040c3f0e7cb45c8a,https://www.tiktokv.com/share/video/7523669845922057490/,07/22/2025 08:05PM,2025-07-23 00:09:45+00:00
5fc6e3a0040c3f0e7cb45c8a,https://www.tiktokv.com/share/video/7529534548007210248/,07/22/2025 08:05PM,2025-07-23 00:09:27+00:00
5fc6e3a0040c3f0e7cb45c8a,https://www.tiktokv.com/share/video/7529767048553975095/,07/22/2025 08:05PM,2025-07-22 23:59:32+00:00
5fc6e3a0040c3f0e7cb45c8a,https://www.tiktokv.com/share/video/7211585405907373355/,07/22/2025 08:05PM,2025-07-22 23:59:31+00:00
5fc6e3a0040c3f0e7cb45c8a,https://www.tiktokv.com/share/video/7521343480073932062/,07/22/2025 08:05PM,2025-07-22 23:59:01+00:00
663a7af013938e6bbfb065d5,https://www.tiktokv.com/share/video/7213890149283908910/,07/17/2025 02:59PM,2025-07-17 18:58:04+00:00
663a7af013938e6bbfb065d5,https://www.tiktokv.com/share/video/7149694827343416622/,07/17/2025 02:59PM,2025-07-17 18:58:03+00:00
663a7af013938e6bbfb065d5,https://www.tiktokv.com/share/video/7508059828862897439/,07/17/2025 02:59PM,2025-07-17 18:58:03+00:00
663a7af013938e6bbfb065d5,https://www.tiktokv.com/share/video/7478479268729638186/,07/17/2025 02:59PM,2025-07-17 18:58:02+00:00
663a7af013938e6bbfb065d5,https://www.tiktokv.com/share/video/7492890511733312814/,07/17/2025 02:59PM,2025-07-17 18:58:02+00:00
6328ddce9adceb215c2334ee,https://www.tiktokv.com/share/video/7528816189263334678/,07/19/2025 01:00PM,2025-07-19 16:59:58+00:00
6328ddce9adceb215c2334ee,https://www.tiktokv.com/share/video/7525957273550703886/,07/19/2025 01:00PM,2025-07-19 16:59:53+00:00
6328ddce9adceb215c2334ee,https://www.tiktokv.com/share/video/7528293777404972318/,07/19/2025 01:00PM,2025-07-19 16:56:00+00:00
6328ddce9adceb215c2334ee,https://www.tiktokv.com/share/video/7528305238877441310/,07/19/2025 01:00PM,2025-07-19 16:55:21+00:00
6328ddce9adceb215c2334ee,https://www.tiktokv.com/share/video/7528277738759752991/,07/19/2025 01:00PM,2025-07-19 16:31:05+00:00
67055b370e3c0c4965a03128,https://www.tiktokv.com/share/video/7528207575217687839/,07/18/2025 05:09PM,2025-07-18 20:05:22+00:00
67055b370e3c0c4965a03128,https://www.tiktokv.com/share/video/7527980892342504718/,07/18/2025 05:09PM,2025-07-18 19:12:53+00:00
67055b370e3c0c4965a03128,https://www.tiktokv.com/share/video/7527339492429155615/,07/18/2025 05:09PM,2025-07-18 19:11:31+00:00
67055b370e3c0c4965a03128,https://www.tiktokv.com/share/video/7511765643423665413/,07/18/2025 05:09PM,2025-07-18 19:11:15+00:00
67055b370e3c0c4965a03128,https://www.tiktokv.com/share/video/7518041162314304776/,07/18/2025 05:09PM,2025-07-18 19:10:58+00:00
61001d9b2e3d8a75a09f3db3,https://www.tiktokv.com/share/video/7528896970690268447/,07/23/2025 07:18PM,2025-07-23 23:17:47+00:00
61001d9b2e3d8a75a09f3db3,https://www.tiktokv.com/share/video/7529128128455757087/,07/23/2025 07:18PM,2025-07-23 23:17:46+00:00
61001d9b2e3d8a75a09f3db3,https://www.tiktokv.com/share/video/7529148623922253086/,07/23/2025 07:18PM,2025-07-23 23:17:45+00:00
61001d9b2e3d8a75a09f3db3,https://www.tiktokv.com/share/video/7529280002844609823/,07/23/2025 07:18PM,2025-07-23 23:17:44+00:00
61001d9b2e3d8a75a09f3db3,https://www.tiktokv.com/share/video/7529337035899899167/,07/23/2025 07:18PM,2025-07-23 23:17:43+00:00
65649e26fc062fd174f780eb,https://www.tiktokv.com/share/video/7386992119522626858/,07/16/2025 11:28PM,2025-07-17 03:27:59+00:00
65649e26fc062fd174f780eb,https://www.tiktokv.com/share/video/7391668460280958238/,07/16/2025 11:28PM,2025-07-17 03:27:38+00:00
65649e26fc062fd174f780eb,https://www.tiktokv.com/share/video/7207957835697720618/,07/16/2025 11:28PM,2025-07-17 03:27:37+00:00
65649e26fc062fd174f780eb,https://www.tiktokv.com/share/video/7236133996806311214/,07/16/2025 11:28PM,2025-07-17 03:26:53+00:00
65649e26fc062fd174f780eb,https://www.tiktokv.com/share/video/7294065933084118314/,07/16/2025 11:28PM,2025-07-17 03:25:57+00:00
672eeebde600098b4b65d4a8,https://www.tiktokv.com/share/video/7496801795147287854/,07/12/2025 03:02PM,2025-07-12 20:39:45+00:00
672eeebde600098b4b65d4a8,https://www.tiktokv.com/share/video/7526188333240765709/,07/12/2025 03:02PM,2025-07-12 20:39:24+00:00
672eeebde600098b4b65d4a8,https://www.tiktokv.com/share/video/7518892955134922006/,07/12/2025 03:02PM,2025-07-12 20:39:02+00:00
672eeebde600098b4b65d4a8,https://www.tiktokv.com/share/video/7521199665354706206/,07/12/2025 03:02PM,2025-07-12 20:38:55+00:00
672eeebde600098b4b65d4a8,https://www.tiktokv.com/share/video/7508806351993294085/,07/12/2025 03:02PM,2025-07-12 20:38:47+00:00
6667a8bf0b49990063d81087,https://www.tiktokv.com/share/video/7527820228319792414/,07/16/2025 07:17PM,2025-07-17 00:02:31+00:00
6667a8bf0b49990063d81087,https://www.tiktokv.com/share/video/7527820806206803230/,07/16/2025 07:17PM,2025-07-17 00:02:28+00:00
6667a8bf0b49990063d81087,https://www.tiktokv.com/share/video/7527198817205177608/,07/16/2025 07:17PM,2025-07-17 00:02:28+00:00
6667a8bf0b49990063d81087,https://www.tiktokv.com/share/video/7510450817996967199/,07/16/2025 07:17PM,2025-07-17 00:02:10+00:00
6667a8bf0b49990063d81087,https://www.tiktokv.com/share/video/7527291666001071390/,07/16/2025 07:17PM,2025-07-17 00:02:04+00:00
63d84be2c9a21026d442e728,https://www.tiktokv.com/share/video/7527525975995763999/,07/16/2025 02:02PM,2025-07-16 17:59:15+00:00
63d84be2c9a21026d442e728,https://www.tiktokv.com/share/video/7527661797432741150/,07/16/2025 02:02PM,2025-07-16 17:59:04+00:00
63d84be2c9a21026d442e728,https://www.tiktokv.com/share/video/7527154741650918669/,07/16/2025 02:02PM,2025-07-16 17:59:01+00:00
63d84be2c9a21026d442e728,https://www.tiktokv.com/share/video/7436529612730993928/,07/16/2025 02:02PM,2025-07-16 17:59:00+00:00
63d84be2c9a21026d442e728,https://www.tiktokv.com/share/video/7527484956801600798/,07/16/2025 02:02PM,2025-07-16 17:58:30+00:00
6313a3d93104022e9b8a7318,https://www.tiktokv.com/share/video/7514066058232352006/,07/20/2025 09:16PM,2025-07-21 01:15:47+00:00
6313a3d93104022e9b8a7318,https://www.tiktokv.com/share/video/7529332461440863519/,07/20/2025 09:16PM,2025-07-21 01:15:44+00:00
6313a3d93104022e9b8a7318,https://www.tiktokv.com/share/video/7528935606940994832/,07/20/2025 09:16PM,2025-07-21 01:15:42+00:00
6313a3d93104022e9b8a7318,https://www.tiktokv.com/share/video/7529120404376440086/,07/20/2025 09:16PM,2025-07-21 01:13:43+00:00
6313a3d93104022e9b8a7318,https://www.tiktokv.com/share/video/7529290706632838431/,07/20/2025 09:16PM,2025-07-21 01:13:22+00:00
6632626985406fd15c206dcd,https://www.tiktokv.com/share/video/7527078890674687287/,07/18/2025 09:32PM,2025-07-19 04:31:46+00:00
6632626985406fd15c206dcd,https://www.tiktokv.com/share/video/7526687492767042829/,07/18/2025 09:32PM,2025-07-19 04:31:41+00:00
6632626985406fd15c206dcd,https://www.tiktokv.com/share/video/7527679494472207646/,07/18/2025 09:32PM,2025-07-19 04:26:31+00:00
6632626985406fd15c206dcd,https://www.tiktokv.com/share/video/7513019722175188266/,07/18/2025 09:32PM,2025-07-19 04:26:30+00:00
6632626985406fd15c206dcd,https://www.tiktokv.com/share/video/7519539881882799377/,07/18/2025 09:32PM,2025-07-19 04:26:25+00:00
66a02d45a7db35d93c9f6a81,https://www.tiktokv.com/share/video/7530024176984362253/,07/22/2025 05:36PM,2025-07-22 23:35:13+00:00
66a02d45a7db35d93c9f6a81,https://www.tiktokv.com/share/video/7529795694509575438/,07/22/2025 05:36PM,2025-07-22 23:35:12+00:00
66a02d45a7db35d93c9f6a81,https://www.tiktokv.com/share/video/7529973530637700383/,07/22/2025 05:36PM,2025-07-22 23:34:54+00:00
66a02d45a7db35d93c9f6a81,https://www.tiktokv.com/share/video/7529613606665686303/,07/22/2025 05:36PM,2025-07-22 23:34:53+00:00
66a02d45a7db35d93c9f6a81,https://www.tiktokv.com/share/video/7528510503358827806/,07/22/2025 05:36PM,2025-07-22 23:34:29+00:00
6745731e75a88802a56be3ef,https://www.tiktokv.com/share/video/7528472515463613727/,07/19/2025 01:12PM,2025-07-19 16:33:17+00:00
6745731e75a88802a56be3ef,https://www.tiktokv.com/share/video/7528826838559362334/,07/19/2025 01:12PM,2025-07-19 16:33:12+00:00
6745731e75a88802a56be3ef,https://www.tiktokv.com/share/video/7518843708536802590/,07/19/2025 01:12PM,2025-07-19 16:32:49+00:00
6745731e75a88802a56be3ef,https://www.tiktokv.com/share/video/7528764395661364494/,07/19/2025 01:12PM,2025-07-19 16:32:47+00:00
6745731e75a88802a56be3ef,https://www.tiktokv.com/share/video/7515207252244974855/,07/19/2025 01:12PM,2025-07-19 16:32:37+00:00
67acedc1ca320fb054920d13,https://www.tiktokv.com/share/video/7527439277681069342/,07/16/2025 12:56PM,2025-07-16 16:55:37+00:00
67acedc1ca320fb054920d13,https://www.tiktokv.com/share/video/7527419701253754143/,07/16/2025 12:56PM,2025-07-16 16:55:36+00:00
67acedc1ca320fb054920d13,https://www.tiktokv.com/share/video/7527477063134022967/,07/16/2025 12:56PM,2025-07-16 16:55:05+00:00
67acedc1ca320fb054920d13,https://www.tiktokv.com/share/video/7206330438850301226/,07/16/2025 12:56PM,2025-07-16 16:54:49+00:00
67acedc1ca320fb054920d13,https://www.tiktokv.com/share/video/7511797382087036202/,07/16/2025 12:56PM,2025-07-16 16:54:45+00:00
660b2346862ff2a3da9cfe3e,https://www.tiktokv.com/share/video/7527357445060971806/,07/21/2025 07:01PM,2025-07-21 22:39:13+00:00
660b2346862ff2a3da9cfe3e,https://www.tiktokv.com/share/video/7519210207373790494/,07/21/2025 07:01PM,2025-07-21 22:39:10+00:00
660b2346862ff2a3da9cfe3e,https://www.tiktokv.com/share/video/7528189631666474271/,07/21/2025 07:01PM,2025-07-21 22:39:06+00:00
660b2346862ff2a3da9cfe3e,https://www.tiktokv.com/share/video/7522910570249489695/,07/21/2025 07:01PM,2025-07-21 22:38:59+00:00
660b2346862ff2a3da9cfe3e,https://www.tiktokv.com/share/video/7529097711698578706/,07/21/2025 07:01PM,2025-07-21 22:38:52+00:00
65c118f1cd19001157ace3a0,https://www.tiktokv.com/share/video/7526941137844718879/,07/16/2025 08:00PM,2025-07-16 23:45:22+00:00
65c118f1cd19001157ace3a0,https://www.tiktokv.com/share/video/7523275351099837726/,07/16/2025 08:00PM,2025-07-16 23:45:19+00:00
65c118f1cd19001157ace3a0,https://www.tiktokv.com/share/video/7517031078691884343/,07/16/2025 08:00PM,2025-07-16 23:45:00+00:00
65c118f1cd19001157ace3a0,https://www.tiktokv.com/share/video/7478459566880050440/,07/16/2025 08:00PM,2025-07-16 23:44:59+00:00
65c118f1cd19001157ace3a0,https://www.tiktokv.com/share/video/7527015059906743565/,07/16/2025 08:00PM,2025-07-16 23:44:46+00:00
5eaca76bcf6b3914ba0fbfe0,https://www.tiktokv.com/share/video/7527482313458978103/,07/16/2025 05:00PM,2025-07-16 21:59:47+00:00
5eaca76bcf6b3914ba0fbfe0,https://www.tiktokv.com/share/video/7526519867755859214/,07/16/2025 05:00PM,2025-07-16 21:59:09+00:00
5eaca76bcf6b3914ba0fbfe0,https://www.tiktokv.com/share/video/7522051440169307399/,07/16/2025 05:00PM,2025-07-16 21:58:26+00:00
5eaca76bcf6b3914ba0fbfe0,https://www.tiktokv.com/share/video/7527371442837572894/,07/16/2025 05:00PM,2025-07-16 21:57:15+00:00
5eaca76bcf6b3914ba0fbfe0,https://www.tiktokv.com/share/video/7515152813530434859/,07/16/2025 05:00PM,2025-07-16 21:57:13+00:00
6748f02892a5641e585c53b2,https://www.tiktokv.com/share/video/7528847765380680966/,07/20/2025 12:58PM,2025-07-20 16:55:54+00:00
6748f02892a5641e585c53b2,https://www.tiktokv.com/share/video/7529194420504251678/,07/20/2025 12:58PM,2025-07-20 16:55:45+00:00
6748f02892a5641e585c53b2,https://www.tiktokv.com/share/video/7526939129809095943/,07/20/2025 12:58PM,2025-07-20 16:55:44+00:00
6748f02892a5641e585c53b2,https://www.tiktokv.com/share/video/7527834700073766174/,07/20/2025 12:58PM,2025-07-20 16:51:44+00:00
6748f02892a5641e585c53b2,https://www.tiktokv.com/share/video/7524769245507472671/,07/20/2025 12:58PM,2025-07-20 16:51:43+00:00
60c029faa1d9b671a584f3ca,https://www.tiktokv.com/share/video/7529113137748970783/,07/22/2025 09:19PM,2025-07-23 00:35:18+00:00
60c029faa1d9b671a584f3ca,https://www.tiktokv.com/share/video/7528901413020241174/,07/22/2025 09:19PM,2025-07-23 00:31:23+00:00
60c029faa1d9b671a584f3ca,https://www.tiktokv.com/share/video/7529650678734556429/,07/22/2025 09:19PM,2025-07-23 00:31:02+00:00
60c029faa1d9b671a584f3ca,https://www.tiktokv.com/share/video/7515984960050744607/,07/22/2025 09:19PM,2025-07-23 00:30:24+00:00
60c029faa1d9b671a584f3ca,https://www.tiktokv.com/share/video/7529914244435856696/,07/22/2025 09:19PM,2025-07-23 00:29:26+00:00
673e20ed73360dc4064f1545,https://www.tiktokv.com/share/video/7514482702872087851/,07/21/2025 12:00PM,2025-07-21 16:59:32+00:00
673e20ed73360dc4064f1545,https://www.tiktokv.com/share/video/7509929790003088670/,07/21/2025 12:00PM,2025-07-21 16:59:29+00:00
673e20ed73360dc4064f1545,https://www.tiktokv.com/share/video/7525940948929416461/,07/21/2025 12:00PM,2025-07-21 16:59:19+00:00
673e20ed73360dc4064f1545,https://www.tiktokv.com/share/video/7529577458488708407/,07/21/2025 12:00PM,2025-07-21 16:59:17+00:00
673e20ed73360dc4064f1545,https://www.tiktokv.com/share/video/7529186408242695454/,07/21/2025 12:00PM,2025-07-21 16:59:16+00:00
6537deb965cbfe64469ac68f,https://www.tiktokv.com/share/video/7529968572261534998/,07/22/2025 05:12PM,2025-07-22 22:06:26+00:00
6537deb965cbfe64469ac68f,https://www.tiktokv.com/share/video/7522396640293047568/,07/22/2025 05:12PM,2025-07-22 22:06:25+00:00
6537deb965cbfe64469ac68f,https://www.tiktokv.com/share/video/7525530617849629974/,07/22/2025 05:12PM,2025-07-22 22:06:23+00:00
6537deb965cbfe64469ac68f,https://www.tiktokv.com/share/video/7525438881911590150/,07/22/2025 05:12PM,2025-07-22 22:06:21+00:00
6537deb965cbfe64469ac68f,https://www.tiktokv.com/share/video/7527510904154459405/,07/22/2025 05:12PM,2025-07-22 22:06:20+00:00
6112d76b0e4c125f011bfb8e,https://www.tiktokv.com/share/video/7527097184186109202/,07/20/2025 06:02PM,2025-07-21 01:01:11+00:00
6112d76b0e4c125f011bfb8e,https://www.tiktokv.com/share/video/7528564411808713997/,07/20/2025 06:02PM,2025-07-21 01:00:55+00:00
6112d76b0e4c125f011bfb8e,https://www.tiktokv.com/share/video/7529025182212590879/,07/20/2025 06:02PM,2025-07-21 01:00:41+00:00
6112d76b0e4c125f011bfb8e,https://www.tiktokv.com/share/video/7528505756434451742/,07/20/2025 06:02PM,2025-07-21 00:24:23+00:00
6112d76b0e4c125f011bfb8e,https://www.tiktokv.com/share/video/7529210676577832206/,07/20/2025 06:02PM,2025-07-21 00:24:20+00:00
61021ada16e91d9112f5ebb2,https://www.tiktokv.com/share/video/7527910494095674638/,07/17/2025 05:00PM,2025-07-17 20:59:35+00:00
61021ada16e91d9112f5ebb2,https://www.tiktokv.com/share/video/7527846246132780301/,07/17/2025 05:00PM,2025-07-17 20:59:25+00:00
61021ada16e91d9112f5ebb2,https://www.tiktokv.com/share/video/7527425363757042975/,07/17/2025 05:00PM,2025-07-17 20:59:20+00:00
61021ada16e91d9112f5ebb2,https://www.tiktokv.com/share/video/7527665389765987597/,07/17/2025 05:00PM,2025-07-17 20:59:18+00:00
61021ada16e91d9112f5ebb2,https://www.tiktokv.com/share/video/7526806974365699358/,07/17/2025 05:00PM,2025-07-17 20:59:01+00:00
63ecff07b619306f41db42fa,https://www.tiktokv.com/share/video/7506946025622441258/,07/16/2025 02:09PM,2025-07-16 19:20:20+00:00
63ecff07b619306f41db42fa,https://www.tiktokv.com/share/video/7527756779451698463/,07/16/2025 02:09PM,2025-07-16 19:17:27+00:00
63ecff07b619306f41db42fa,https://www.tiktokv.com/share/video/7527073295091404062/,07/16/2025 02:09PM,2025-07-16 19:15:37+00:00
63ecff07b619306f41db42fa,https://www.tiktokv.com/share/video/7527466182996266271/,07/16/2025 02:09PM,2025-07-16 19:15:10+00:00
63ecff07b619306f41db42fa,https://www.tiktokv.com/share/video/7527366766696172813/,07/16/2025 02:09PM,2025-07-16 19:15:10+00:00
663e5bec6ff4d08e75468e28,https://www.tiktokv.com/share/video/7488109174535114026/,07/19/2025 12:01PM,2025-07-19 16:09:12+00:00
663e5bec6ff4d08e75468e28,https://www.tiktokv.com/share/video/7488466844244806955/,07/19/2025 12:01PM,2025-07-19 16:09:09+00:00
663e5bec6ff4d08e75468e28,https://www.tiktokv.com/share/video/7489566997441695019/,07/19/2025 12:01PM,2025-07-19 16:08:40+00:00
663e5bec6ff4d08e75468e28,https://www.tiktokv.com/share/video/7492888054500166958/,07/19/2025 12:01PM,2025-07-19 16:08:28+00:00
663e5bec6ff4d08e75468e28,https://www.tiktokv.com/share/video/7493333796813720878/,07/19/2025 12:01PM,2025-07-19 16:08:23+00:00
6598524eff590951e558a42f,https://www.tiktokv.com/share/video/7527794110485384461/,07/17/2025 09:07PM,2025-07-18 02:24:12+00:00
6598524eff590951e558a42f,https://www.tiktokv.com/share/video/7528037706417392927/,07/17/2025 09:07PM,2025-07-18 02:18:36+00:00
6598524eff590951e558a42f,https://www.tiktokv.com/share/video/7523166570319727886/,07/17/2025 09:07PM,2025-07-18 02:17:30+00:00
6598524eff590951e558a42f,https://www.tiktokv.com/share/video/7527387194672074039/,07/17/2025 09:07PM,2025-07-18 02:17:24+00:00
6598524eff590951e558a42f,https://www.tiktokv.com/share/video/7517469013853670711/,07/17/2025 09:07PM,2025-07-18 02:17:02+00:00
60e9fd8a2f52070be49cf317,https://www.tiktokv.com/share/video/7518301851297582358/,07/19/2025 07:01PM,2025-07-19 22:53:35+00:00
60e9fd8a2f52070be49cf317,https://www.tiktokv.com/share/video/7528894408607927582/,07/19/2025 07:01PM,2025-07-19 22:53:33+00:00
60e9fd8a2f52070be49cf317,https://www.tiktokv.com/share/video/7526216096697814302/,07/19/2025 07:01PM,2025-07-19 22:53:29+00:00
60e9fd8a2f52070be49cf317,https://www.tiktokv.com/share/video/7519900150916025630/,07/19/2025 07:01PM,2025-07-19 22:53:21+00:00
60e9fd8a2f52070be49cf317,https://www.tiktokv.com/share/video/7519261750634581261/,07/19/2025 07:01PM,2025-07-19 22:53:01+00:00
660982bb12941e7442c18325,https://www.tiktokv.com/share/video/7527016920126721294/,07/16/2025 07:04PM,2025-07-17 00:02:07+00:00
660982bb12941e7442c18325,https://www.tiktokv.com/share/video/7518077583041318199/,07/16/2025 07:04PM,2025-07-17 00:02:06+00:00
660982bb12941e7442c18325,https://www.tiktokv.com/share/video/7495139589108141334/,07/16/2025 07:04PM,2025-07-17 00:02:03+00:00
660982bb12941e7442c18325,https://www.tiktokv.com/share/video/7527066882927594807/,07/16/2025 07:04PM,2025-07-17 00:01:49+00:00
660982bb12941e7442c18325,https://www.tiktokv.com/share/video/7506415526902533383/,07/16/2025 07:04PM,2025-07-17 00:01:41+00:00
67477ac7090d737ae33348ea,https://www.tiktokv.com/share/video/7522824579190885638/,07/16/2025 09:02PM,2025-07-17 03:57:08+00:00
67477ac7090d737ae33348ea,https://www.tiktokv.com/share/video/7524061212636679437/,07/16/2025 09:02PM,2025-07-17 03:57:00+00:00
67477ac7090d737ae33348ea,https://www.tiktokv.com/share/video/7526952491888479502/,07/16/2025 09:02PM,2025-07-17 03:56:57+00:00
67477ac7090d737ae33348ea,https://www.tiktokv.com/share/video/7527513783086992695/,07/16/2025 09:02PM,2025-07-17 03:56:51+00:00
67477ac7090d737ae33348ea,https://www.tiktokv.com/share/video/7527887522714766623/,07/16/2025 09:02PM,2025-07-17 03:56:48+00:00
60fcc4120cecba5bc510e142,https://www.tiktokv.com/share/video/7526233436156185869/,07/12/2025 02:12PM,2025-07-12 18:10:52+00:00
60fcc4120cecba5bc510e142,https://www.tiktokv.com/share/video/7526255146699902239/,07/12/2025 02:12PM,2025-07-12 18:10:02+00:00
60fcc4120cecba5bc510e142,https://www.tiktokv.com/share/video/7517378796530502928/,07/12/2025 02:12PM,2025-07-12 18:09:52+00:00
60fcc4120cecba5bc510e142,https://www.tiktokv.com/share/video/7525639400651328799/,07/12/2025 02:12PM,2025-07-12 18:08:31+00:00
60fcc4120cecba5bc510e142,https://www.tiktokv.com/share/video/7525544755648924934/,07/12/2025 02:12PM,2025-07-12 18:07:25+00:00
60fcbf0aca44c1b1c5631970,https://www.tiktokv.com/share/video/7527623872137415944/,07/20/2025 09:53PM,2025-07-21 01:39:54+00:00
60fcbf0aca44c1b1c5631970,https://www.tiktokv.com/share/video/7527804989490662663/,07/20/2025 09:53PM,2025-07-21 01:39:52+00:00
60fcbf0aca44c1b1c5631970,https://www.tiktokv.com/share/video/7527965879234055442/,07/20/2025 09:53PM,2025-07-21 01:39:45+00:00
60fcbf0aca44c1b1c5631970,https://www.tiktokv.com/share/video/7528174589319417096/,07/20/2025 09:53PM,2025-07-21 01:39:44+00:00
60fcbf0aca44c1b1c5631970,https://www.tiktokv.com/share/video/7528690103959506184/,07/20/2025 09:53PM,2025-07-21 01:39:43+00:00
6659161059605187709dc64c,https://www.tiktokv.com/share/video/7527650032405712150/,07/17/2025 05:05PM,2025-07-17 21:03:36+00:00
6659161059605187709dc64c,https://www.tiktokv.com/share/video/7525717342681091335/,07/17/2025 05:05PM,2025-07-17 21:03:24+00:00
6659161059605187709dc64c,https://www.tiktokv.com/share/video/7528054293086080311/,07/17/2025 05:05PM,2025-07-17 21:01:46+00:00
6659161059605187709dc64c,https://www.tiktokv.com/share/video/7527818634748513566/,07/17/2025 05:05PM,2025-07-17 20:56:57+00:00
6659161059605187709dc64c,https://www.tiktokv.com/share/video/7528133797724917000/,07/17/2025 05:05PM,2025-07-17 20:56:30+00:00
6400d8e645e80091a53f9b21,https://www.tiktokv.com/share/video/7525958143038344503/,07/13/2025 01:01PM,2025-07-13 17:00:55+00:00
6400d8e645e80091a53f9b21,https://www.tiktokv.com/share/video/7499884838531370248/,07/13/2025 01:01PM,2025-07-13 17:00:54+00:00
6400d8e645e80091a53f9b21,https://www.tiktokv.com/share/video/7526293953910574358/,07/13/2025 01:01PM,2025-07-13 16:59:30+00:00
6400d8e645e80091a53f9b21,https://www.tiktokv.com/share/video/7525887369506082061/,07/13/2025 01:01PM,2025-07-13 16:58:56+00:00
6400d8e645e80091a53f9b21,https://www.tiktokv.com/share/video/7524859612600749367/,07/13/2025 01:01PM,2025-07-13 16:58:49+00:00
67265982eb0c3fc495c6e33a,https://www.tiktokv.com/share/video/7527900922098257168/,07/22/2025 06:52PM,2025-07-22 21:12:27+00:00
67265982eb0c3fc495c6e33a,https://www.tiktokv.com/share/video/7525623112356973825/,07/22/2025 06:52PM,2025-07-22 21:12:20+00:00
67265982eb0c3fc495c6e33a,https://www.tiktokv.com/share/video/7508846715223477560/,07/22/2025 06:52PM,2025-07-22 21:11:25+00:00
67265982eb0c3fc495c6e33a,https://www.tiktokv.com/share/video/7521743520659557654/,07/22/2025 06:52PM,2025-07-22 21:09:14+00:00
67265982eb0c3fc495c6e33a,https://www.tiktokv.com/share/video/7519640556763385143/,07/22/2025 06:52PM,2025-07-22 21:06:34+00:00
665629a30c7e3f40e8f3d1d5,https://www.tiktokv.com/share/video/7528813579156442423/,07/21/2025 10:06AM,2025-07-21 16:05:21+00:00
665629a30c7e3f40e8f3d1d5,https://www.tiktokv.com/share/video/7521033410211515678/,07/21/2025 10:06AM,2025-07-21 16:05:07+00:00
665629a30c7e3f40e8f3d1d5,https://www.tiktokv.com/share/video/7520258082493041934/,07/21/2025 10:06AM,2025-07-21 16:04:34+00:00
665629a30c7e3f40e8f3d1d5,https://www.tiktokv.com/share/video/7515744621276777750/,07/21/2025 10:06AM,2025-07-21 16:04:30+00:00
665629a30c7e3f40e8f3d1d5,https://www.tiktokv.com/share/video/7526300207286439176/,07/21/2025 10:06AM,2025-07-21 16:03:24+00:00
66b82983ea9669e07e639756,https://www.tiktokv.com/share/video/7526233695745740063/,07/13/2025 09:11PM,2025-07-14 02:09:24+00:00
66b82983ea9669e07e639756,https://www.tiktokv.com/share/video/7352327725652266283/,07/13/2025 09:11PM,2025-07-14 01:58:56+00:00
66b82983ea9669e07e639756,https://www.tiktokv.com/share/video/7350795185640639786/,07/13/2025 09:11PM,2025-07-14 01:58:54+00:00
66b82983ea9669e07e639756,https://www.tiktokv.com/share/video/7083980757491830059/,07/13/2025 09:11PM,2025-07-14 01:58:52+00:00
66b82983ea9669e07e639756,https://www.tiktokv.com/share/video/7517347801517313296/,07/13/2025 09:11PM,2025-07-14 01:58:52+00:00
5f35a7bf2d5fa01a8f08bbfb,https://www.tiktokv.com/share/video/7522617688204627207/,07/21/2025 10:01AM,2025-07-21 13:45:32+00:00
5f35a7bf2d5fa01a8f08bbfb,https://www.tiktokv.com/share/video/7528825363149950238/,07/21/2025 10:01AM,2025-07-21 13:45:32+00:00
5f35a7bf2d5fa01a8f08bbfb,https://www.tiktokv.com/share/video/7524073597632073015/,07/21/2025 10:01AM,2025-07-21 13:45:31+00:00
5f35a7bf2d5fa01a8f08bbfb,https://www.tiktokv.com/share/video/7527736187688160520/,07/21/2025 10:01AM,2025-07-21 13:45:30+00:00
5f35a7bf2d5fa01a8f08bbfb,https://www.tiktokv.com/share/video/7524632299703389454/,07/21/2025 10:01AM,2025-07-21 13:45:29+00:00
60e9fd8a2f52070be49cf317,https://www.tiktokv.com/share/video/7528063079016385847/,07/19/2025 09:33PM,2025-07-20 01:11:38+00:00
60e9fd8a2f52070be49cf317,https://www.tiktokv.com/share/video/7528839646504029471/,07/19/2025 09:33PM,2025-07-20 01:11:23+00:00
60e9fd8a2f52070be49cf317,https://www.tiktokv.com/share/video/7468688563798936875/,07/19/2025 09:33PM,2025-07-20 01:11:22+00:00
60e9fd8a2f52070be49cf317,https://www.tiktokv.com/share/video/7528803957309787406/,07/19/2025 09:33PM,2025-07-20 01:11:20+00:00
60e9fd8a2f52070be49cf317,https://www.tiktokv.com/share/video/7528538569212775735/,07/19/2025 09:33PM,2025-07-20 01:11:00+00:00
641370f5a8d3826956778170,https://www.tiktokv.com/share/video/7529692301686361374/,07/21/2025 09:01PM,2025-07-22 01:42:16+00:00
641370f5a8d3826956778170,https://www.tiktokv.com/share/video/7521863582011641143/,07/21/2025 09:01PM,2025-07-22 01:42:14+00:00
641370f5a8d3826956778170,https://www.tiktokv.com/share/video/7529697159566953759/,07/21/2025 09:01PM,2025-07-22 01:39:24+00:00
641370f5a8d3826956778170,https://www.tiktokv.com/share/video/7529712243710135582/,07/21/2025 09:01PM,2025-07-22 01:39:21+00:00
641370f5a8d3826956778170,https://www.tiktokv.com/share/video/7519336789077691662/,07/21/2025 09:01PM,2025-07-22 01:39:20+00:00
677154f7f2518ea087b747ed,https://www.tiktokv.com/share/video/7527078254319078670/,07/16/2025 10:11AM,2025-07-16 13:41:54+00:00
677154f7f2518ea087b747ed,https://www.tiktokv.com/share/video/7527445780316130573/,07/16/2025 10:11AM,2025-07-16 13:41:17+00:00
677154f7f2518ea087b747ed,https://www.tiktokv.com/share/video/7516936801085361425/,07/16/2025 10:11AM,2025-07-16 13:41:17+00:00
677154f7f2518ea087b747ed,https://www.tiktokv.com/share/video/7527022696421412151/,07/16/2025 10:11AM,2025-07-16 13:41:02+00:00
677154f7f2518ea087b747ed,https://www.tiktokv.com/share/video/7490935325452176686/,07/16/2025 10:11AM,2025-07-16 13:18:38+00:00
6334df27284fbe566f1b02be,https://www.tiktokv.com/share/video/7528084336579579158/,07/19/2025 09:05PM,2025-07-20 03:55:24+00:00
6334df27284fbe566f1b02be,https://www.tiktokv.com/share/video/7528235256328047927/,07/19/2025 09:05PM,2025-07-20 03:54:43+00:00
6334df27284fbe566f1b02be,https://www.tiktokv.com/share/video/7528034266530303263/,07/19/2025 09:05PM,2025-07-20 03:54:41+00:00
6334df27284fbe566f1b02be,https://www.tiktokv.com/share/video/7528437103282097421/,07/19/2025 09:05PM,2025-07-20 03:54:18+00:00
6334df27284fbe566f1b02be,https://www.tiktokv.com/share/video/7528629188765470007/,07/19/2025 09:05PM,2025-07-20 03:51:16+00:00
60fd0c7f3feef315172385cf,https://www.tiktokv.com/share/video/7528183618720517390/,07/18/2025 02:00PM,2025-07-18 17:25:53+00:00
60fd0c7f3feef315172385cf,https://www.tiktokv.com/share/video/7527384021056179511/,07/18/2025 02:00PM,2025-07-18 17:25:51+00:00
60fd0c7f3feef315172385cf,https://www.tiktokv.com/share/video/7497937660309245226/,07/18/2025 02:00PM,2025-07-18 17:25:48+00:00
60fd0c7f3feef315172385cf,https://www.tiktokv.com/share/video/7528347556380790071/,07/18/2025 02:00PM,2025-07-18 17:25:11+00:00
60fd0c7f3feef315172385cf,https://www.tiktokv.com/share/video/7528165832870923575/,07/18/2025 02:00PM,2025-07-18 17:24:19+00:00
6172607a932e0b0c3523854d,https://www.tiktokv.com/share/video/7529254312606747934/,07/23/2025 02:02PM,2025-07-23 19:17:45+00:00
6172607a932e0b0c3523854d,https://www.tiktokv.com/share/video/7529941026916683038/,07/23/2025 02:02PM,2025-07-23 19:17:20+00:00
6172607a932e0b0c3523854d,https://www.tiktokv.com/share/video/7530341175903964447/,07/23/2025 02:02PM,2025-07-23 19:16:33+00:00
6172607a932e0b0c3523854d,https://www.tiktokv.com/share/video/7187978649608539435/,07/23/2025 02:02PM,2025-07-23 19:16:13+00:00
6172607a932e0b0c3523854d,https://www.tiktokv.com/share/video/7301006069730397471/,07/23/2025 02:02PM,2025-07-23 19:16:12+00:00
5f35a7bf2d5fa01a8f08bbfb,https://www.tiktokv.com/share/video/7509953673896758571/,07/21/2025 06:11PM,2025-07-21 22:30:32+00:00
5f35a7bf2d5fa01a8f08bbfb,https://www.tiktokv.com/share/video/7529605362069064990/,07/21/2025 06:11PM,2025-07-21 22:30:20+00:00
5f35a7bf2d5fa01a8f08bbfb,https://www.tiktokv.com/share/video/7529410661286186296/,07/21/2025 06:11PM,2025-07-21 22:30:15+00:00
5f35a7bf2d5fa01a8f08bbfb,https://www.tiktokv.com/share/video/7506154505650605313/,07/21/2025 06:11PM,2025-07-21 22:30:15+00:00
5f35a7bf2d5fa01a8f08bbfb,https://www.tiktokv.com/share/video/7529308621566496031/,07/21/2025 06:11PM,2025-07-21 22:30:14+00:00
66eddcfe67e927db6f0a4768,https://www.tiktokv.com/share/video/7528192365870189879/,07/19/2025 02:03PM,2025-07-19 18:00:11+00:00
66eddcfe67e927db6f0a4768,https://www.tiktokv.com/share/video/7524417595068419329/,07/19/2025 02:03PM,2025-07-19 18:00:10+00:00
66eddcfe67e927db6f0a4768,https://www.tiktokv.com/share/video/7528138501989125406/,07/19/2025 02:03PM,2025-07-19 18:00:05+00:00
66eddcfe67e927db6f0a4768,https://www.tiktokv.com/share/video/7528542725453516046/,07/19/2025 02:03PM,2025-07-19 17:58:15+00:00
66eddcfe67e927db6f0a4768,https://www.tiktokv.com/share/video/7528158934163574046/,07/19/2025 02:03PM,2025-07-19 17:58:14+00:00
6112d76b0e4c125f011bfb8e,https://www.tiktokv.com/share/video/7529364042327100702/,07/22/2025 12:28PM,2025-07-22 19:14:29+00:00
6112d76b0e4c125f011bfb8e,https://www.tiktokv.com/share/video/7528532233678900511/,07/22/2025 12:28PM,2025-07-22 19:14:19+00:00
6112d76b0e4c125f011bfb8e,https://www.tiktokv.com/share/video/7529358885631659295/,07/22/2025 12:28PM,2025-07-22 19:14:14+00:00
6112d76b0e4c125f011bfb8e,https://www.tiktokv.com/share/video/7505969341813280046/,07/22/2025 12:28PM,2025-07-22 19:14:10+00:00
6112d76b0e4c125f011bfb8e,https://www.tiktokv.com/share/video/7454194455046851862/,07/22/2025 12:28PM,2025-07-22 19:14:06+00:00
654531a6a0ab28a6ae27dad1,https://www.tiktokv.com/share/video/7526042224019213623/,07/17/2025 07:46PM,2025-07-18 00:45:26+00:00
654531a6a0ab28a6ae27dad1,https://www.tiktokv.com/share/video/7528208398035242270/,07/17/2025 07:46PM,2025-07-18 00:45:16+00:00
654531a6a0ab28a6ae27dad1,https://www.tiktokv.com/share/video/7367054807560965418/,07/17/2025 07:46PM,2025-07-18 00:45:13+00:00
654531a6a0ab28a6ae27dad1,https://www.tiktokv.com/share/video/7527771269253598494/,07/17/2025 07:46PM,2025-07-18 00:45:00+00:00
654531a6a0ab28a6ae27dad1,https://www.tiktokv.com/share/video/7527466802092281119/,07/17/2025 07:46PM,2025-07-18 00:44:49+00:00
67a67b4a6d32992419ee200c,https://www.tiktokv.com/share/video/7527816548266806583/,07/17/2025 09:30PM,2025-07-18 00:58:19+00:00
67a67b4a6d32992419ee200c,https://www.tiktokv.com/share/video/7527489313018301703/,07/17/2025 09:30PM,2025-07-18 00:13:49+00:00
67a67b4a6d32992419ee200c,https://www.tiktokv.com/share/video/7527369510823677215/,07/17/2025 09:30PM,2025-07-18 00:13:41+00:00
67a67b4a6d32992419ee200c,https://www.tiktokv.com/share/video/7525152068944874760/,07/17/2025 09:30PM,2025-07-18 00:13:40+00:00
67a67b4a6d32992419ee200c,https://www.tiktokv.com/share/video/7528077295530118430/,07/17/2025 09:30PM,2025-07-18 00:13:38+00:00
6659161059605187709dc64c,https://www.tiktokv.com/share/video/7527675384817667341/,07/16/2025 07:24PM,2025-07-16 22:35:12+00:00
6659161059605187709dc64c,https://www.tiktokv.com/share/video/7524174468298591506/,07/16/2025 07:24PM,2025-07-16 22:35:08+00:00
6659161059605187709dc64c,https://www.tiktokv.com/share/video/7527670148321332511/,07/16/2025 07:24PM,2025-07-16 22:35:07+00:00
6659161059605187709dc64c,https://www.tiktokv.com/share/video/7501343144361987374/,07/16/2025 07:24PM,2025-07-16 22:35:04+00:00
6659161059605187709dc64c,https://www.tiktokv.com/share/video/7527128798861495582/,07/16/2025 07:24PM,2025-07-16 22:34:18+00:00
66ce5adac1cd4b6037be4a63,https://www.tiktokv.com/share/video/7529599940478209310/,07/21/2025 01:56PM,2025-07-21 18:34:39+00:00
66ce5adac1cd4b6037be4a63,https://www.tiktokv.com/share/video/7526680883957452046/,07/21/2025 01:56PM,2025-07-21 18:33:36+00:00
66ce5adac1cd4b6037be4a63,https://www.tiktokv.com/share/video/7509141371165379886/,07/21/2025 01:56PM,2025-07-21 18:33:34+00:00
66ce5adac1cd4b6037be4a63,https://www.tiktokv.com/share/video/7501001470469213448/,07/21/2025 01:56PM,2025-07-21 18:33:26+00:00
66ce5adac1cd4b6037be4a63,https://www.tiktokv.com/share/video/7523407681785318669/,07/21/2025 01:56PM,2025-07-21 18:19:26+00:00
6672d8756129fc9217ceb0d1,https://www.tiktokv.com/share/video/7509968330887826719/,07/22/2025 09:02PM,2025-07-23 01:00:09+00:00
6672d8756129fc9217ceb0d1,https://www.tiktokv.com/share/video/7530045366620720414/,07/22/2025 09:02PM,2025-07-23 00:59:36+00:00
6672d8756129fc9217ceb0d1,https://www.tiktokv.com/share/video/7528603131106659615/,07/22/2025 09:02PM,2025-07-23 00:59:28+00:00
6672d8756129fc9217ceb0d1,https://www.tiktokv.com/share/video/7529998487577021709/,07/22/2025 09:02PM,2025-07-23 00:52:10+00:00
6672d8756129fc9217ceb0d1,https://www.tiktokv.com/share/video/7521747218282335496/,07/22/2025 09:02PM,2025-07-23 00:52:06+00:00
55ec49b67480920010aaa4e8,https://www.tiktokv.com/share/video/7529445568389680439/,07/21/2025 02:07PM,2025-07-21 17:58:10+00:00
55ec49b67480920010aaa4e8,https://www.tiktokv.com/share/video/7506203775430954282/,07/21/2025 02:07PM,2025-07-21 17:58:05+00:00
55ec49b67480920010aaa4e8,https://www.tiktokv.com/share/video/7529309294584417549/,07/21/2025 02:07PM,2025-07-21 17:57:59+00:00
55ec49b67480920010aaa4e8,https://www.tiktokv.com/share/video/7529588140911168781/,07/21/2025 02:07PM,2025-07-21 17:57:42+00:00
55ec49b67480920010aaa4e8,https://www.tiktokv.com/share/video/7529593127326305567/,07/21/2025 02:07PM,2025-07-21 17:53:45+00:00
6328ddce9adceb215c2334ee,https://www.tiktokv.com/share/video/7501857221580459294/,07/20/2025 07:00PM,2025-07-20 22:59:47+00:00
6328ddce9adceb215c2334ee,https://www.tiktokv.com/share/video/7384948512514919712/,07/20/2025 07:00PM,2025-07-20 22:59:41+00:00
6328ddce9adceb215c2334ee,https://www.tiktokv.com/share/video/7526559588011838743/,07/20/2025 07:00PM,2025-07-20 22:58:38+00:00
6328ddce9adceb215c2334ee,https://www.tiktokv.com/share/video/7529291549352463671/,07/20/2025 07:00PM,2025-07-20 22:56:13+00:00
6328ddce9adceb215c2334ee,https://www.tiktokv.com/share/video/7528431632722791711/,07/20/2025 07:00PM,2025-07-20 22:54:29+00:00
67a67b4a6d32992419ee200c,https://www.tiktokv.com/share/video/7527752427718577422/,07/16/2025 09:49PM,2025-07-17 01:47:39+00:00
67a67b4a6d32992419ee200c,https://www.tiktokv.com/share/video/7519220748993531153/,07/16/2025 09:49PM,2025-07-17 01:47:37+00:00
67a67b4a6d32992419ee200c,https://www.tiktokv.com/share/video/7507313480379305262/,07/16/2025 09:49PM,2025-07-17 01:47:34+00:00
67a67b4a6d32992419ee200c,https://www.tiktokv.com/share/video/7513380380095827230/,07/16/2025 09:49PM,2025-07-17 01:46:38+00:00
67a67b4a6d32992419ee200c,https://www.tiktokv.com/share/video/7517382731718774029/,07/16/2025 09:49PM,2025-07-17 01:46:38+00:00
67055b370e3c0c4965a03128,https://www.tiktokv.com/share/video/7527215724289477918/,07/22/2025 12:08PM,2025-07-22 14:39:20+00:00
67055b370e3c0c4965a03128,https://www.tiktokv.com/share/video/7513771569408134446/,07/22/2025 12:08PM,2025-07-22 14:39:19+00:00
67055b370e3c0c4965a03128,https://www.tiktokv.com/share/video/7529813771515120918/,07/22/2025 12:08PM,2025-07-22 14:39:11+00:00
67055b370e3c0c4965a03128,https://www.tiktokv.com/share/video/7497290122304507167/,07/22/2025 12:08PM,2025-07-22 14:39:11+00:00
67055b370e3c0c4965a03128,https://www.tiktokv.com/share/video/7528194381178817847/,07/22/2025 12:08PM,2025-07-22 14:39:01+00:00
6723fefd7a09fe9da8f9bd10,https://www.tiktokv.com/share/video/7517313831912115511/,07/13/2025 02:01PM,2025-07-13 17:05:05+00:00
6723fefd7a09fe9da8f9bd10,https://www.tiktokv.com/share/video/7515906986139995435/,07/13/2025 02:01PM,2025-07-13 17:03:39+00:00
6723fefd7a09fe9da8f9bd10,https://www.tiktokv.com/share/video/7208279318563245354/,07/13/2025 02:01PM,2025-07-13 17:02:56+00:00
6723fefd7a09fe9da8f9bd10,https://www.tiktokv.com/share/video/7526577327355088158/,07/13/2025 02:01PM,2025-07-13 17:01:52+00:00
6723fefd7a09fe9da8f9bd10,https://www.tiktokv.com/share/video/7526228155653246263/,07/13/2025 02:01PM,2025-07-13 16:57:33+00:00
60fd0c7f3feef315172385cf,https://www.tiktokv.com/share/video/7507362989620628782/,07/21/2025 02:31PM,2025-07-21 16:56:23+00:00
60fd0c7f3feef315172385cf,https://www.tiktokv.com/share/video/7527719021030935813/,07/21/2025 02:31PM,2025-07-21 16:56:16+00:00
60fd0c7f3feef315172385cf,https://www.tiktokv.com/share/video/7528941905460153630/,07/21/2025 02:31PM,2025-07-21 16:56:12+00:00
60fd0c7f3feef315172385cf,https://www.tiktokv.com/share/video/7514476415333485854/,07/21/2025 02:31PM,2025-07-21 16:56:11+00:00
60fd0c7f3feef315172385cf,https://www.tiktokv.com/share/video/7528020316770159886/,07/21/2025 02:31PM,2025-07-21 16:56:08+00:00
64e36d981d00e7d7c45addc2,https://www.tiktokv.com/share/video/7527913020467514638/,07/24/2025 05:00PM,2025-07-24 23:59:58+00:00
64e36d981d00e7d7c45addc2,https://www.tiktokv.com/share/video/7520052825297030430/,07/24/2025 05:00PM,2025-07-24 23:59:55+00:00
64e36d981d00e7d7c45addc2,https://www.tiktokv.com/share/video/7438321726427090232/,07/24/2025 05:00PM,2025-07-24 23:59:54+00:00
64e36d981d00e7d7c45addc2,https://www.tiktokv.com/share/video/7530463721521532174/,07/24/2025 05:00PM,2025-07-24 23:59:41+00:00
64e36d981d00e7d7c45addc2,https://www.tiktokv.com/share/video/7530454862220381453/,07/24/2025 05:00PM,2025-07-24 23:59:28+00:00
6112d76b0e4c125f011bfb8e,https://www.tiktokv.com/share/video/7528988039192890638/,07/21/2025 01:16PM,2025-07-21 20:14:25+00:00
6112d76b0e4c125f011bfb8e,https://www.tiktokv.com/share/video/7529359484662189325/,07/21/2025 01:16PM,2025-07-21 20:14:21+00:00
6112d76b0e4c125f011bfb8e,https://www.tiktokv.com/share/video/7529627467900833037/,07/21/2025 01:16PM,2025-07-21 20:13:02+00:00
6112d76b0e4c125f011bfb8e,https://www.tiktokv.com/share/video/7529322398529637687/,07/21/2025 01:16PM,2025-07-21 20:12:39+00:00
6112d76b0e4c125f011bfb8e,https://www.tiktokv.com/share/video/7529509006843399442/,07/21/2025 01:16PM,2025-07-21 20:12:06+00:00
6672d8756129fc9217ceb0d1,https://www.tiktokv.com/share/video/7527788803713469726/,07/16/2025 06:34PM,2025-07-16 22:31:28+00:00
6672d8756129fc9217ceb0d1,https://www.tiktokv.com/share/video/7526930594387791160/,07/16/2025 06:34PM,2025-07-16 22:31:07+00:00
6672d8756129fc9217ceb0d1,https://www.tiktokv.com/share/video/7527430043564346679/,07/16/2025 06:34PM,2025-07-16 22:30:53+00:00
6672d8756129fc9217ceb0d1,https://www.tiktokv.com/share/video/7521675243266542849/,07/16/2025 06:34PM,2025-07-16 22:30:36+00:00
6672d8756129fc9217ceb0d1,https://www.tiktokv.com/share/video/7527433017405574430/,07/16/2025 06:34PM,2025-07-16 22:30:33+00:00
67a8ef6331f586a361a8ec33,https://www.tiktokv.com/share/video/7529630076502052126/,07/22/2025 02:10PM,2025-07-22 17:02:35+00:00
67a8ef6331f586a361a8ec33,https://www.tiktokv.com/share/video/7528945685392051511/,07/22/2025 02:10PM,2025-07-22 17:02:22+00:00
67a8ef6331f586a361a8ec33,https://www.tiktokv.com/share/video/7529609038275939639/,07/22/2025 02:10PM,2025-07-22 17:02:20+00:00
67a8ef6331f586a361a8ec33,https://www.tiktokv.com/share/video/7524832896352324878/,07/22/2025 02:10PM,2025-07-22 17:02:16+00:00
67a8ef6331f586a361a8ec33,https://www.tiktokv.com/share/video/7499594450394516782/,07/22/2025 02:10PM,2025-07-22 17:02:16+00:00
6748f02892a5641e585c53b2,https://www.tiktokv.com/share/video/7528081070445694221/,07/17/2025 12:51PM,2025-07-17 16:27:22+00:00
6748f02892a5641e585c53b2,https://www.tiktokv.com/share/video/7527349004041014558/,07/17/2025 12:51PM,2025-07-17 16:27:21+00:00
6748f02892a5641e585c53b2,https://www.tiktokv.com/share/video/7527349630615440670/,07/17/2025 12:51PM,2025-07-17 16:26:46+00:00
6748f02892a5641e585c53b2,https://www.tiktokv.com/share/video/7527526644500794654/,07/17/2025 12:51PM,2025-07-17 16:26:40+00:00
6748f02892a5641e585c53b2,https://www.tiktokv.com/share/video/7527530366807133453/,07/17/2025 12:51PM,2025-07-17 16:26:10+00:00
673e20ed73360dc4064f1545,https://www.tiktokv.com/share/video/7529582497294781751/,07/21/2025 09:01PM,2025-07-22 01:30:16+00:00
673e20ed73360dc4064f1545,https://www.tiktokv.com/share/video/7512834195861933342/,07/21/2025 09:01PM,2025-07-22 01:30:15+00:00
673e20ed73360dc4064f1545,https://www.tiktokv.com/share/video/7516226618357009686/,07/21/2025 09:01PM,2025-07-22 01:30:13+00:00
673e20ed73360dc4064f1545,https://www.tiktokv.com/share/video/7528901794223754510/,07/21/2025 09:01PM,2025-07-22 01:30:09+00:00
673e20ed73360dc4064f1545,https://www.tiktokv.com/share/video/7516575087391296798/,07/21/2025 09:01PM,2025-07-22 01:30:06+00:00
5ee85ec585a33015e839df78,https://www.tiktokv.com/share/video/7528967680796200206/,07/20/2025 10:13AM,2025-07-20 13:23:07+00:00
5ee85ec585a33015e839df78,https://www.tiktokv.com/share/video/7527701409488178446/,07/20/2025 10:13AM,2025-07-20 13:16:41+00:00
5ee85ec585a33015e839df78,https://www.tiktokv.com/share/video/7515439068898020626/,07/20/2025 10:13AM,2025-07-20 13:16:40+00:00
5ee85ec585a33015e839df78,https://www.tiktokv.com/share/video/7527702853683711255/,07/20/2025 10:13AM,2025-07-20 13:16:38+00:00
5ee85ec585a33015e839df78,https://www.tiktokv.com/share/video/7528997300606078238/,07/20/2025 10:13AM,2025-07-20 13:16:36+00:00
663804db4a6604d0e14fdb17,https://www.tiktokv.com/share/video/7527429598917791031/,07/22/2025 07:04PM,2025-07-23 00:44:10+00:00
663804db4a6604d0e14fdb17,https://www.tiktokv.com/share/video/7517299683144830263/,07/22/2025 07:04PM,2025-07-23 00:43:33+00:00
663804db4a6604d0e14fdb17,https://www.tiktokv.com/share/video/7524117817801608479/,07/22/2025 07:04PM,2025-07-23 00:43:16+00:00
663804db4a6604d0e14fdb17,https://www.tiktokv.com/share/video/7530047494143675662/,07/22/2025 07:04PM,2025-07-23 00:43:13+00:00
663804db4a6604d0e14fdb17,https://www.tiktokv.com/share/video/7529611994857573687/,07/22/2025 07:04PM,2025-07-23 00:41:54+00:00
6659161059605187709dc64c,https://www.tiktokv.com/share/video/7528925021406809357/,07/19/2025 09:05PM,2025-07-20 00:35:30+00:00
6659161059605187709dc64c,https://www.tiktokv.com/share/video/7518875138167672095/,07/19/2025 09:05PM,2025-07-20 00:35:27+00:00
6659161059605187709dc64c,https://www.tiktokv.com/share/video/7528921316964044046/,07/19/2025 09:05PM,2025-07-20 00:34:25+00:00
6659161059605187709dc64c,https://www.tiktokv.com/share/video/7528266137700814102/,07/19/2025 09:05PM,2025-07-20 00:33:32+00:00
6659161059605187709dc64c,https://www.tiktokv.com/share/video/7528580272632188191/,07/19/2025 09:05PM,2025-07-20 00:28:19+00:00
614ebfa6eff131515482a146,https://www.tiktokv.com/share/video/7528082392880401694/,07/18/2025 12:34PM,2025-07-18 14:40:12+00:00
614ebfa6eff131515482a146,https://www.tiktokv.com/share/video/7527462934033861902/,07/18/2025 12:34PM,2025-07-18 14:38:57+00:00
614ebfa6eff131515482a146,https://www.tiktokv.com/share/video/7527887631246560525/,07/18/2025 12:34PM,2025-07-18 14:38:20+00:00
614ebfa6eff131515482a146,https://www.tiktokv.com/share/video/7516228153497357611/,07/18/2025 12:34PM,2025-07-18 14:38:05+00:00
614ebfa6eff131515482a146,https://www.tiktokv.com/share/video/7518469130828123448/,07/18/2025 12:34PM,2025-07-18 14:36:43+00:00
